Sno	Code	Item Name	Qty	UOM	Rate	Value()	MainCat	SubCat
1	805	14 IDLY	446	NOS	105	49171.5	SOUTH INDIAN	IDLY VARIETIES
2	805	14 IDLY	169	NOS	120	18057.77	SOUTH INDIAN	IDLY VARIETIES
3	41129	300ML PULPY ORANGE	42	NOS	95.24	4200	RESALE	COOL DRINKS - II
4	41125	330 ML THUMS UP	37	NOS	66.67	2590.04	RESALE	COOL DRINKS
5	41124	330ML COKE	93	NOS	66.67	6510.15	RESALE	COOL DRINKS
6	41126	330ML FANTA	53	NOS	66.67	3710.04	RESALE	COOL DRINKS
7	41123	330ML SPRITE	47	NOS	66.67	3290.04	RESALE	COOL DRINKS
8	41130	330ML ZERO COKE	28	NOS	66.67	1960.03	RESALE	COOL DRINKS
9	24111	4 LINES SMALL GIFT BOX (500)	3	NOS	476.19	1500	SWEETS	SP-SWEETS
10	40381	A2B GHEE [200 ML]	9	NOS	160.71	1620	SWEETS	GHEE SWEETS [NOS]
11	40382	A2B GHEE [500 ML]	8	NOS	401.79	3600	SWEETS	GHEE SWEETS [NOS]
12	1868	A2B SPL BIRIYANI	60	NOS	245	15435	NORTH INDIAN	BASUMATI SPECIAL
13	1868	A2B SPL BIRIYANI	149	NOS	250	39112.5	NORTH INDIAN	BASUMATI SPECIAL
14	1868	A2B SPL BIRIYANI	130	NOS	280	30879.35	NORTH INDIAN	BASUMATI SPECIAL
15	905	A2B SPL SOUTH INDIAN MEALS	314	NOS	250	82425	SOUTH INDIAN	SOUTH INDIAN - MEAL VARIETIES
16	905	A2B SPL SOUTH INDIAN MEALS	53	NOS	260	14469	SOUTH INDIAN	SOUTH INDIAN - MEAL VARIETIES
17	905	A2B SPL SOUTH INDIAN MEALS	208	NOS	290	51677.14	SOUTH INDIAN	SOUTH INDIAN - MEAL VARIETIES
18	23048	AAB ANDARA MURUKU (100 GMS)	235	NOS	49.11	11607.59	SAVOURIES	PACKED - SAVOURIES
19	23049	AAB BUTTER MURUKU (100 GMS)	104	NOS	38.39	3615.38	SAVOURIES	PACKED - SAVOURIES
20	23049	AAB BUTTER MURUKU (100 GMS)	237	NOS	44.64	11847.5	SAVOURIES	PACKED - SAVOURIES
21	256	AAB JAMOON [SMALL TIN]	62	NOS	142.86	9300.04	SWEETS	SP-SWEETS
22	256	AAB JAMOON [SMALL TIN]	5	NOS	176.19	838.28	SWEETS	SP-SWEETS
23	255	AAB JAMOON [TIN BIG]	12	NOS	285.71	3600	SWEETS	SP-SWEETS
24	255	AAB JAMOON [TIN BIG]	2	NOS	352.38	740	SWEETS	SP-SWEETS
25	248	AAB RASAGULLA [SMALL TIN]	70	NOS	123.81	9100	SWEETS	SP-SWEETS
26	248	AAB RASAGULLA [SMALL TIN]	6	NOS	152.38	781.85	SWEETS	SP-SWEETS
27	247	AAB RASAGULLA [TIN BIG]	29	NOS	247.62	7540	SWEETS	SP-SWEETS
28	247	AAB RASAGULLA [TIN BIG]	2	NOS	304.76	522.85	SWEETS	SP-SWEETS
29	23052	AAB RIBBON PAKODA (100 GMS)	234	NOS	44.64	11700	SAVOURIES	PACKED - SAVOURIES
30	23052	AAB RIBBON PAKODA (100 GMS)	32	NOS	58.04	1706.9	SAVOURIES	PACKED - SAVOURIES
31	23671	AAB SPL GIFT HAMPER (GH-1)	3	NOS	1562.5	5250	SWEETS	GIFT PACK ASSORTED SWEETS
32	23676	AAB SPL GIFT HAMPER (GH-6)	1	NOS	1808.04	2025	SWEETS	GIFT PACK ASSORTED SWEETS
33	20462	AAB SPL GIFT HAMPER (GH-9)	2	NOS	796.61	1880	SWEETS	GIFT PACK ASSORTED SWEETS
34	94	AAB SPL MIXTURE	255	KGS	625	160650	SAVOURIES	SAVOURIES - MIXTURE ITEMS [KGS]
35	8570	AAB SPL MIXTURE 250GRAMS	233	NOS	156.25	40775	SAVOURIES	SAVOURIES - MIXTURE ITEMS [NOS]
36	22920	AAB SPL MIXTURE( 100 GRAM NOS )	160	NOS	62.5	11200	SAVOURIES	SAVOURIES - MIXTURE ITEMS [NOS]
37	22920	AAB SPL MIXTURE( 100 GRAM NOS )	45	NOS	80.36	3407.36	SAVOURIES	SAVOURIES - MIXTURE ITEMS [NOS]
38	428	ADAI AVAIL	124	NOS	95	12354.04	CHAT	CHAT SPECIALITIES
39	8911	ADAI DOSA MIX [200GM]	6	NOS	59.32	420	SAVOURIES	SAVOURIES-INSTANT MIX [PIECE]
40	8911	ADAI DOSA MIX [200GM]	4	NOS	76.27	299.25	SAVOURIES	SAVOURIES-INSTANT MIX [PIECE]
41	8912	ADAI DOSA MIX [500GM]	4	NOS	127.12	600	SAVOURIES	SAVOURIES-INSTANT MIX [PIECE]
42	8912	ADAI DOSA MIX [500GM]	1	NOS	161.02	136.4	SAVOURIES	SAVOURIES-INSTANT MIX [PIECE]
43	242	AJMEER CAKE	45.33	KGS	666.67	31731	SWEETS	MILK SWEETS [KGS]
44	242	AJMEER CAKE	5	KGS	819.05	3629.69	SWEETS	MILK SWEETS [KGS]
45	1042	ALOO JEERA	1	NOS	230	241.5	NORTH INDIAN	SUBJEES
46	1528	ALOO PARATHA	112	NOS	105	12348	TANDOORI	TANDOORI BREAD
47	1528	ALOO PARATHA	77	NOS	130	8874.09	TANDOORI	TANDOORI BREAD
48	995	ALU GOBI MASALA	5	NOS	225	1181.25	NORTH INDIAN	SUBJEES
49	995	ALU GOBI MASALA	27	NOS	230	6520.5	NORTH INDIAN	SUBJEES
50	995	ALU GOBI MASALA	5	NOS	250	1072.05	NORTH INDIAN	SUBJEES
51	7355	ALU PALAK	1	NOS	225	236.25	NORTH INDIAN	PALAK
52	7355	ALU PALAK	3	NOS	230	724.5	NORTH INDIAN	PALAK
53	472	AMLA PICKLE [400 GM]	1	NOS	232.14	260	SAVOURIES	PICKLES
54	102	ANDHARA MURUKU	495	KGS	491.07	245024.29	SAVOURIES	SAVOURIES - MURUKKU ITEMS [KGS]
55	6890	ANDHRA AVAKKA PICKLE [400 GM]	14	NOS	205.36	3220	SAVOURIES	PICKLES
56	23204	ANDHRA MURUKKU 200 GRAMS	523	NOS	98.21	54228.71	SAVOURIES	SAVOURIES - MURUKKU ITEMS [NOS]
57	23204	ANDHRA MURUKKU 200 GRAMS	26	NOS	120.54	3024.67	SAVOURIES	SAVOURIES - MURUKKU ITEMS [NOS]
58	24468	ANDHRA PARUPPU POWDER [100G]	12	NOS	33.9	478	SAVOURIES	SAVOURIES-BLENDED SPICES [PIECE]
59	24467	ANDHRA PARUPPU POWDER [200G]	3	NOS	67.8	240	SAVOURIES	SAVOURIES-BLENDED SPICES [PIECE]
60	55	ANGOOR JAMOON	141.247	KGS	666.67	98872.92	SWEETS	BENGALI SWEETS [KGS]
61	55	ANGOOR JAMOON	7.5	KGS	819.05	5495.31	SWEETS	BENGALI SWEETS [KGS]
62	81	ANJAL KING	4.55	KGS	1333.33	6370	SWEETS	DRY FRUIT SWEETS [KGS]
63	81	ANJAL KING	0.25	KGS	1619.05	347.23	SWEETS	DRY FRUIT SWEETS [KGS]
64	1238	APPALAM [SALE]	148	NOS	10	1554	SOUTH INDIAN	SOUTH INDIAN - SPECIALITIES
65	278	APPLE JUICE	28	NOS	125	3675	JUICE & MILK SHAKES	FRESH JUICE
66	278	APPLE JUICE	73	NOS	130	9964.5	JUICE & MILK SHAKES	FRESH JUICE
67	206	APPLE MILK SHAKE	1	NOS	145	152.25	JUICE & MILK SHAKES	MILK SHAKES
68	1512	ASSORTED BENGALI SWEETS [250 GMS]	32	NOS	166.67	5600.12	SWEETS	ASSORTED
69	8318	ASSORTED CHOCOLATE [100 GMS]	26	NOS	108.47	3327.75	BAKERY	PASTRIES
70	8317	ASSORTED CHOCOLATE [50 GMS]	28	NOS	54.24	1792.03	BAKERY	PASTRIES
71	1503	ASSORTED DRY FRUIT SWEETS [250 GMS]	94	NOS	333.33	32899.78	SWEETS	ASSORTED
72	1503	ASSORTED DRY FRUIT SWEETS [250 GMS]	12	NOS	409.52	4358.28	SWEETS	ASSORTED
73	1502	ASSORTED DRY FRUIT SWEETS [500 GMS]	67	NOS	666.67	46900.13	SWEETS	ASSORTED
74	1502	ASSORTED DRY FRUIT SWEETS [500 GMS]	8	NOS	819.05	5719.01	SWEETS	ASSORTED
75	25	ASSORTED GHEE SWEET [1 KG]	1	NOS	666.67	700	SWEETS	ASSORTED
76	25	ASSORTED GHEE SWEET [1 KG]	4	NOS	790.08	2521.93	SWEETS	ASSORTED
77	1509	ASSORTED GHEE SWEETS [250 GMS]	21	NOS	166.67	3675.06	SWEETS	ASSORTED
78	1509	ASSORTED GHEE SWEETS [250 GMS]	36	NOS	204.76	6471.04	SWEETS	ASSORTED
79	1508	ASSORTED GHEE SWEETS [500 GMS]	42	NOS	333.33	14699.93	SWEETS	ASSORTED
80	1508	ASSORTED GHEE SWEETS [500 GMS]	11	NOS	409.52	3752.46	SWEETS	ASSORTED
81	2	ASSORTED MILK SWEETS [1 KG]	6	NOS	666.67	4200.01	SWEETS	ASSORTED
82	23561	ASSORTED MILK SWEETS [250 GMS]	23	NOS	166.67	4025.04	SWEETS	ASSORTED
83	23560	ASSORTED MILK SWEETS [500 GMS]	27	NOS	333.33	9449.95	SWEETS	ASSORTED
84	1499	ASSORTED SPL MILK SWEETS [250 GMS]	128	NOS	166.67	22400.25	SWEETS	ASSORTED
85	1498	ASSORTED SPL MILK SWEETS [500 GMS]	90	NOS	333.34	31500.76	SWEETS	ASSORTED
86	1	ASSORTED SWEETS [1 KG]	23	NOS	666.67	16100.01	SWEETS	ASSORTED
87	401	ASSORTED SWEETS [250 GMS]	335	NOS	166.67	58617.15	SWEETS	ASSORTED
88	401	ASSORTED SWEETS [250 GMS]	33	NOS	204.76	5940.36	SWEETS	ASSORTED
89	402	ASSORTED SWEETS [500 GMS]	277	NOS	333.33	96949.5	SWEETS	ASSORTED
90	402	ASSORTED SWEETS [500 GMS]	4	NOS	409.52	1485.25	SWEETS	ASSORTED
91	41	ATHIRASAM	23.715	KGS	628.57	15651.9	SWEETS	GHEE SWEETS [KGS]
92	41	ATHIRASAM	5.75	KGS	771.43	3972.8	SWEETS	GHEE SWEETS [KGS]
93	1913	BABY CORN 65	2	NOS	230	483	CHINESE	CHINESE STARTERS
94	1913	BABY CORN 65	65	NOS	235	16038.75	CHINESE	CHINESE STARTERS
95	1913	BABY CORN 65	9	NOS	250	1952.56	CHINESE	CHINESE STARTERS
96	7398	BABY CORN MASALA	1	NOS	260	273	NORTH INDIAN	SUBJEES
97	8778	BABY CORN MUNCHURIAN DRY	2	NOS	235	493.5	CHINESE	CHINESE - DRY & GRAVY
98	8778	BABY CORN MUNCHURIAN DRY	13	NOS	240	3276	CHINESE	CHINESE - DRY & GRAVY
99	8778	BABY CORN MUNCHURIAN DRY	13	NOS	270	3137.28	CHINESE	CHINESE - DRY & GRAVY
100	1242	BABY CORN MUNCHURIAN GRAVY	1	NOS	245	257.25	CHINESE	CHINESE - DRY & GRAVY
101	1242	BABY CORN MUNCHURIAN GRAVY	1	NOS	250	262.5	CHINESE	CHINESE - DRY & GRAVY
102	1661	BABY CORN MUSHROOM MASALA	16	NOS	270	4536	NORTH INDIAN	SUBJEES
103	1025	BABY CORN PEPPER FRY	3	NOS	225	708.75	CHINESE	CHINESE SPL STARTERS
104	1025	BABY CORN PEPPER FRY	51	NOS	230	12316.5	CHINESE	CHINESE SPL STARTERS
105	1025	BABY CORN PEPPER FRY	13	NOS	260	2910.68	CHINESE	CHINESE SPL STARTERS
106	8800	BADAM CAKE	14.785	KGS	1333.33	20699	SWEETS	DRY FRUIT SWEETS [KGS]
107	8800	BADAM CAKE	0.75	KGS	1619.05	1061.22	SWEETS	DRY FRUIT SWEETS [KGS]
108	8240	BADAM GHEE BISCUITS 250 Gms- COOKIES	53	NOS	169.49	10600	BAKERY	COOKIES
109	43	BADAM HALWA	12.02	KGS	1333.33	16810.5	SWEETS	DRY FRUIT SWEETS [KGS]
110	43	BADAM HALWA	0.75	KGS	1619.05	1109.25	SWEETS	DRY FRUIT SWEETS [KGS]
111	8913	BADAM MILK READY MIX [200GM]	8	NOS	135.59	1280	SAVOURIES	SAVOURIES-INSTANT MIX [PIECE]
112	8913	BADAM MILK READY MIX [200GM]	3	NOS	169.49	484.46	SAVOURIES	SAVOURIES-INSTANT MIX [PIECE]
113	8914	BADAM MILK READY MIX [500GM]	10	NOS	338.98	4000	SAVOURIES	SAVOURIES-INSTANT MIX [PIECE]
114	32	BADUSHA	88.585	KGS	666.67	61694.51	SWEETS	GHEE SWEETS [KGS]
115	32	BADUSHA	10.75	KGS	819.05	7611.26	SWEETS	GHEE SWEETS [KGS]
116	40982	BAKED RASAGULLA	12	NOS	40	504	SWEETS	BENGALI SWEETS [NOS]
117	21626	BAKLAWA ASSORTED SWEETS	11.375	KGS	1142.86	13650	SWEETS	ASSORTED
118	123	BANANA CHIPS	1.705	KGS	571.43	1091.2	SAVOURIES	SAVOURIES - CHIPS ITEMS [KGS]
119	8584	BANANA CHIPS(250GM)	123	NOS	142.86	19680	SAVOURIES	SAVOURIES - CHIPS ITEMS [NOS]
120	8584	BANANA CHIPS(250GM)	25	NOS	156.25	3524.49	SAVOURIES	SAVOURIES - CHIPS ITEMS [NOS]
121	28	BANARAS SOAN PAPDI	13.02	KGS	666.67	9114	SWEETS	GHEE SWEETS [KGS]
122	142	BHEL PURI	173	NOS	90	16348.5	CHAT	CHAT SPECIALITIES
123	142	BHEL PURI	169	NOS	95	16857.75	CHAT	CHAT SPECIALITIES
124	142	BHEL PURI	55	NOS	100	4805.72	CHAT	CHAT SPECIALITIES
125	24326	BITTER GOURD CHIPS(200G)	52	NOS	107.14	6240	SAVOURIES	PACKED - SAVOURIES
126	24326	BITTER GOURD CHIPS(200G)	27	NOS	133.93	3503.41	SAVOURIES	PACKED - SAVOURIES
127	8691	BITTER GOURD THOKKU 400 GRAM	4	NOS	196.43	880	SAVOURIES	RICE MIXES
128	653	BLACK CURRENT ICE CREAM	6	NOS	120	756	SPECIAL ICE CREAMS	SPECIAL ICE CREAMS
129	653	BLACK CURRENT ICE CREAM	32	NOS	125	4200	SPECIAL ICE CREAMS	SPECIAL ICE CREAMS
130	1222	BLACK CURRENT MILK SHAKE	7	NOS	160	1176	JUICE & MILK SHAKES	MILK SHAKES
131	1222	BLACK CURRENT MILK SHAKE	6	NOS	165	1039.5	JUICE & MILK SHAKES	MILK SHAKES
132	50	BOMBAY HALWA	15.35	KGS	666.67	10745	SWEETS	GHEE SWEETS [KGS]
133	50	BOMBAY HALWA	0.25	KGS	819.05	173.03	SWEETS	GHEE SWEETS [KGS]
134	879	BONDA	461	NOS	50	24202.5	SOUTH INDIAN	VADAI VARIETIES
135	8816	BREAK FAST - LIGHT (I) (SERV)	85	NOS	250	22312.5	PARTY HALL MENU ITEMS	PARTY HALL MENU ITEMS
136	8692	BRINJAL THOKKU 400 GRAM	9	NOS	205.36	2070	SAVOURIES	RICE MIXES
137	8692	BRINJAL THOKKU 400 GRAM	1	NOS	258.93	202.39	SAVOURIES	RICE MIXES
138	816	BUTTER DOSAI	5	NOS	125	656.25	SOUTH INDIAN	DOSA VARIETIES
139	8814	BUTTER JAM BUN (1PCS)	8	NOS	35	280	BAKERY	BREAD
140	1241	BUTTER MILK	103	NOS	50	5407.5	JUICE & MILK SHAKES	JUICE & MILK SHAKES - JUICE
141	22215	BUTTER MURUKKU 200 GRAMS	288	NOS	89.29	28800	SAVOURIES	PACKED - SAVOURIES
142	22215	BUTTER MURUKKU 200 GRAMS	45	NOS	111.61	4756.22	SAVOURIES	PACKED - SAVOURIES
143	917	BUTTER NAAN	64	NOS	80	5376	TANDOORI	TANDOORI BREAD
144	917	BUTTER NAAN	717	NOS	85	63974.4	TANDOORI	TANDOORI BREAD
145	917	BUTTER NAAN	143	NOS	95	11452.7	TANDOORI	TANDOORI BREAD
146	920	BUTTER ROTI	31	NOS	70	2278.5	TANDOORI	TANDOORI BREAD
147	920	BUTTER ROTI	253	NOS	75	19923.75	TANDOORI	TANDOORI BREAD
148	920	BUTTER ROTI	49	NOS	90	3698.99	TANDOORI	TANDOORI BREAD
149	696	BUTTER SCOTCH ICE CREAM (PER SCOOP)	17	NOS	120	2142	SPECIAL ICE CREAMS	SPECIAL ICE CREAMS
150	696	BUTTER SCOTCH ICE CREAM (PER SCOOP)	83	NOS	125	10893.75	SPECIAL ICE CREAMS	SPECIAL ICE CREAMS
151	214	BUTTER SCOTCH MILK SHAKE	26	NOS	160	4368	JUICE & MILK SHAKES	MILK SHAKES
152	214	BUTTER SCOTCH MILK SHAKE	44	NOS	165	7623	JUICE & MILK SHAKES	MILK SHAKES
153	1864	BUTTER SCOTCH MILK SHAKE (WOI)	1	NOS	160	168	JUICE & MILK SHAKES	MILK SHAKES
154	1864	BUTTER SCOTCH MILK SHAKE (WOI)	2	NOS	165	346.5	JUICE & MILK SHAKES	MILK SHAKES
155	24905	CASHEW MASALA	12	NOS	310	3906	NORTH INDIAN	NORTH INDIAN SPECIALITIES
156	8789	CASHEW PEAS MASALA	1	NOS	285	299.25	NORTH INDIAN	SUBJEES
157	8789	CASHEW PEAS MASALA	7	NOS	290	2131.5	NORTH INDIAN	SUBJEES
158	8789	CASHEW PEAS MASALA	4	NOS	310	1018.85	NORTH INDIAN	SUBJEES
159	7421	CASHEW PULAO	3	KGS	255	803.25	NORTH INDIAN	BASUMATI SPECIAL
160	7421	CASHEW PULAO	21	KGS	260	5733	NORTH INDIAN	BASUMATI SPECIAL
161	45	CASHEWNUT HALWA	32.19	KGS	904.76	29155.47	SWEETS	DRY FRUIT SWEETS [KGS]
162	45	CASHEWNUT HALWA	2.5	KGS	1095.24	2286.91	SWEETS	DRY FRUIT SWEETS [KGS]
163	57	CHAM CHAM	12.545	KGS	666.67	8781.5	SWEETS	BENGALI SWEETS [KGS]
164	58	CHAMPAKALI	9.44	KGS	666.67	6608	SWEETS	BENGALI SWEETS [KGS]
165	33	CHANDRA KALA	74.02	KGS	666.67	51814	SWEETS	GHEE SWEETS [KGS]
166	33	CHANDRA KALA	6	KGS	819.05	4425.47	SWEETS	GHEE SWEETS [KGS]
167	881	CHAPATHI WITH KURMA	1480	NOS	85	132005.23	SOUTH INDIAN	SOUTH INDIAN - SPECIALITIES
168	881	CHAPATHI WITH KURMA	313	NOS	105	29200.6	SOUTH INDIAN	SOUTH INDIAN - SPECIALITIES
169	1077	CHAPPATHI [EACH]	174	NOS	42.5	7765.3	SOUTH INDIAN	SOUTH INDIAN - SPECIALITIES
170	8030	CHEESE PAROTTA	24	NOS	115	2898	SOUTH INDIAN	PARATHA VARIETIES
171	406	CHEESE PAV BAJJI	16	NOS	150	2520	CHAT	PAV BHAJI
172	406	CHEESE PAV BAJJI	33	NOS	155	5370.75	CHAT	PAV BHAJI
173	173	CHEESE SANDWICH	3	NOS	100	315	PIZZA & SANDWICH	SANDWICH
174	173	CHEESE SANDWICH	44	NOS	105	4851	PIZZA & SANDWICH	SANDWICH
175	149	CHENNA MASALA	52	NOS	110	6006	CHAT	CHAT SPECIALITIES
176	149	CHENNA MASALA	44	NOS	115	5313	CHAT	CHAT SPECIALITIES
177	221	CHIKKU JUICE	4	NOS	100	420	JUICE & MILK SHAKES	FRESH JUICE
178	221	CHIKKU JUICE	5	NOS	105	551.25	JUICE & MILK SHAKES	FRESH JUICE
179	1281	CHILLI BAJJI [2 Nos]	23	NOS	50	1207.5	SOUTH INDIAN	BAJJI
180	7102	CHILLI PANNEER	9	NOS	230	2173.5	CHINESE	CHINESE STARTERS
181	7102	CHILLI PANNEER	2	NOS	235	493.5	CHINESE	CHINESE STARTERS
182	7102	CHILLI PANNEER	15	NOS	275	3512.34	CHINESE	CHINESE STARTERS
183	1236	CHILLY BABY CORN	10	NOS	220	2310	CHINESE	CHINESE - DRY & GRAVY
184	455	CHILLY CHEESE TOAST	5	NOS	120	630	PIZZA & SANDWICH	SANDWICH
185	455	CHILLY CHEESE TOAST	23	NOS	125	3018.75	PIZZA & SANDWICH	SANDWICH
186	1031	CHILLY GOBI	1	NOS	225	236.25	CHINESE	CHINESE - DRY & GRAVY
187	1031	CHILLY GOBI	8	NOS	230	1932	CHINESE	CHINESE - DRY & GRAVY
188	7274	CHILLY IDLY	4	NOS	145	609	SOUTH INDIAN	IDLY VARIETIES
189	7274	CHILLY IDLY	61	NOS	150	9607.5	SOUTH INDIAN	IDLY VARIETIES
190	1276	CHILLY MUSHROOM DRY	2	NOS	245	514.5	CHINESE	CHINESE - DRY & GRAVY
191	1276	CHILLY MUSHROOM DRY	4	NOS	250	1050	CHINESE	CHINESE - DRY & GRAVY
192	8780	CHILLY PANEER DRY	42	NOS	230	10143	CHINESE	CHINESE - DRY & GRAVY
193	8780	CHILLY PANEER DRY	7	NOS	235	1727.25	CHINESE	CHINESE - DRY & GRAVY
194	1030	CHILLY PANEER GRAVY	10	NOS	240	2520	CHINESE	CHINESE - DRY & GRAVY
195	974	CHILLY PAROTTA	41	NOS	165	7103.25	SOUTH INDIAN	PARATHA VARIETIES
196	974	CHILLY PAROTTA	286	NOS	170	51051	SOUTH INDIAN	PARATHA VARIETIES
197	659	CHOCOLATE (PER SCOOP)	7	NOS	105	771.75	SPECIAL ICE CREAMS	SPECIAL ICE CREAMS
198	21612	CHOCOLATE BITE	0.445	KGS	1047.62	489.5	SWEETS	DRY FRUIT SWEETS [KGS]
199	4	CHOCOLATE BURFI	12.285	KGS	666.67	8599.5	SWEETS	MILK SWEETS [KGS]
200	4	CHOCOLATE BURFI	0.5	KGS	819.05	310.76	SWEETS	MILK SWEETS [KGS]
201	23485	CHOCOLATE CHIPS COOKIES 200 GMS	4	NOS	114.41	540	BAKERY	BISCUITS
202	21676	CHOCOLATE CHIPS COOKIES 100 GRMS	10	NOS	59.32	700	BAKERY	COOKIES
203	8156	CHOCOLATE DONUT	44	NOS	42.37	2199.91	BAKERY	DONUT
204	690	CHOCOLATE ICE CREAM	14	NOS	100	1470	SPECIAL ICE CREAMS	SPECIAL ICE CREAMS
205	690	CHOCOLATE ICE CREAM	78	NOS	105	8599.5	SPECIAL ICE CREAMS	SPECIAL ICE CREAMS
206	207	CHOCOLATE MILK SHAKE	27	NOS	140	3969	JUICE & MILK SHAKES	MILK SHAKES
207	207	CHOCOLATE MILK SHAKE	95	NOS	145	14463.75	JUICE & MILK SHAKES	MILK SHAKES
208	8407	CHOCOLATE MILK SHAKE (WOI)	4	NOS	145	609	JUICE & MILK SHAKES	MILK SHAKES
209	8696	CHOCOLATE MILK SHAKE WITH ICE CREAM	1	NOS	155	162.75	JUICE & MILK SHAKES	MILK SHAKES
210	27	CHOCOLATE SOAN PAPDI	0.89	KGS	666.67	623	SWEETS	GHEE SWEETS [KGS]
211	483	CHOLA BATURA	631	NOS	110	72868.96	CHAT	CHAT SPECIALITIES
212	483	CHOLA BATURA	104	NOS	140	12482.07	CHAT	CHAT SPECIALITIES
213	161	CHOLA SAMOSA	116	NOS	100	12180	CHAT	SAMOSA
214	161	CHOLA SAMOSA	64	NOS	105	7056	CHAT	SAMOSA
215	21675	COCONUT BISCUITS 100GRMS	5	NOS	63.56	375	BAKERY	COOKIES
216	23486	COCONUT BISCUITS 200GMS	10	NOS	122.88	1450	BAKERY	BISCUITS
217	6	COCONUT BURFI	17.785	KGS	666.67	11889.53	SWEETS	GHEE SWEETS [KGS]
218	6	COCONUT BURFI	2.25	KGS	819.05	1519.66	SWEETS	GHEE SWEETS [KGS]
219	41151	COCONUT MILK THENKUZHAL 200GM	38	NOS	98.21	4180	SAVOURIES	PACKED - SAVOURIES
220	40990	COCONUT OIL THATTAI (200GM)	53	NOS	107.14	6360	SAVOURIES	PACKED - SAVOURIES
221	40992	COCONUT OIL HAND MURUKKU (200GM)	165	NOS	107.14	19800	SAVOURIES	PACKED - SAVOURIES
222	40993	COCONUT OIL MASALA CASHEW PAKODA 200GM	230	NOS	196.43	50600	SAVOURIES	PACKED - SAVOURIES
223	40991	COCONUT OIL RPM THATTAI (200 GM)	77	NOS	107.14	9240	SAVOURIES	PACKED - SAVOURIES
224	132	COCONUT POLI	702	NOS	45	33169.5	CHAT	POLI
225	132	COCONUT POLI	98	NOS	50	5145	CHAT	POLI
226	24342	COFEE BREAD	8	NOS	60	480	BAKERY	BREAD
227	908	COFFEE	4714	NOS	35	173239.5	SOUTH INDIAN	HOT DRINKS
228	908	COFFEE	311	NOS	38.09	12437.84	SOUTH INDIAN	HOT DRINKS
229	908	COFFEE	5931	NOS	40	249030.6	SOUTH INDIAN	HOT DRINKS
230	20760	COFFEE POWDER [100 GMS]	103	NOS	66.67	7210	SAVOURIES	A2B COFFEE MIX [PIECE]
231	20760	COFFEE POWDER [100 GMS]	26	NOS	85.71	1939	SAVOURIES	A2B COFFEE MIX [PIECE]
232	20761	COFFEE POWDER [200 GMS]	173	NOS	128.57	23355	SAVOURIES	A2B COFFEE MIX [PIECE]
233	20761	COFFEE POWDER [200 GMS]	27	NOS	161.9	3820.39	SAVOURIES	A2B COFFEE MIX [PIECE]
234	24316	CORNFLEX MIXTURE 150 GMS	179	NOS	80.36	16110	SAVOURIES	SAVOURIES - MIXTURE ITEMS [NOS]
235	24316	CORNFLEX MIXTURE 150 GMS	34	NOS	102.68	3463.36	SAVOURIES	SAVOURIES - MIXTURE ITEMS [NOS]
236	21312	CREAM BUN [50 GRAM]	22	NOS	25.42	659.95	BAKERY	BREAD
237	1070	CREAM OF MUSHROOM/VEG SOUP	122	NOS	115	14731.5	CHINESE	SOUPS
238	888	CURD RICE	811	NOS	85	72381.75	SOUTH INDIAN	VARIETY RICE
239	888	CURD RICE	359	NOS	100	32772.61	SOUTH INDIAN	VARIETY RICE
240	851	CURD VADAI [1 PC]	267	NOS	50	14017.5	SOUTH INDIAN	VADAI VARIETIES
241	851	CURD VADAI [1 PC]	414	NOS	55	23908.5	SOUTH INDIAN	VADAI VARIETIES
242	126	CUTLET EACH	10	NOS	35	385.7	CHAT	SPL.CALCUTTA
243	234	DAHI BHEL PURI	10	NOS	100	1050	CHAT	DAHI ITEMS
244	234	DAHI BHEL PURI	17	NOS	105	1874.25	CHAT	DAHI ITEMS
245	234	DAHI BHEL PURI	12	NOS	115	1120.94	CHAT	DAHI ITEMS
246	40984	DATES JAGGERY MYSORE PAUK	6.45	KGS	714.29	4837.51	SWEETS	GHEE SWEETS [KGS]
247	274	DELHI SOAN PAPDI [250 GMS]	67	NOS	152.38	10720	SWEETS	SP-SWEETS
248	274	DELHI SOAN PAPDI [250 GMS]	4	NOS	176.19	576.4	SWEETS	SP-SWEETS
249	1441	DELHI SOAN PAPDI [500 GMS]	15	NOS	304.76	4800	SWEETS	SP-SWEETS
250	151	DHAI PAPDI  CHAAT	50	NOS	100	5250	CHAT	DAHI ITEMS
251	151	DHAI PAPDI  CHAAT	74	NOS	105	8158.5	CHAT	DAHI ITEMS
252	151	DHAI PAPDI  CHAAT	20	NOS	115	2002.32	CHAT	DAHI ITEMS
253	277	DHAI PURI	130	NOS	100	13650	CHAT	DAHI ITEMS
254	277	DHAI PURI	144	NOS	105	15876	CHAT	DAHI ITEMS
255	277	DHAI PURI	19	NOS	115	1945.47	CHAT	DAHI ITEMS
256	1095	DHAL FRY	4	NOS	215	903	NORTH INDIAN	SUBJEES
257	1095	DHAL FRY	37	NOS	220	8547	NORTH INDIAN	SUBJEES
258	1095	DHAL FRY	8	NOS	250	1718.31	NORTH INDIAN	SUBJEES
259	7360	DHAL PALAK	1	NOS	230	241.5	NORTH INDIAN	PALAK
260	1038	DHAL THADKA	1	NOS	225	236.25	NORTH INDIAN	SUBJEES
261	1038	DHAL THADKA	46	NOS	230	11109	NORTH INDIAN	SUBJEES
262	1038	DHAL THADKA	4	NOS	250	774.63	NORTH INDIAN	SUBJEES
263	8564	DHALL MIXTURE 100GRMS	73	NOS	53.57	4380	SAVOURIES	SAVOURIES - MIXTURE ITEMS [NOS]
264	8564	DHALL MIXTURE 100GRMS	19	NOS	66.96	1164.54	SAVOURIES	SAVOURIES - MIXTURE ITEMS [NOS]
265	23205	DHALL MIXTURE 200 GRAMS	70	NOS	107.14	8400	SAVOURIES	SAVOURIES - MIXTURE ITEMS [NOS]
266	23205	DHALL MIXTURE 200 GRAMS	12	NOS	133.93	1576.48	SAVOURIES	SAVOURIES - MIXTURE ITEMS [NOS]
267	131	DHALL POLI	565	NOS	45	26696.25	CHAT	POLI
268	131	DHALL POLI	94	NOS	50	4935	CHAT	POLI
269	311	DODA BURFI	56.295	KGS	666.67	39406.5	SWEETS	GHEE SWEETS [KGS]
270	311	DODA BURFI	2	KGS	819.05	1380.88	SWEETS	GHEE SWEETS [KGS]
271	22	DOUBLE  DOCKER	3.835	KGS	666.67	2684.5	SWEETS	MILK SWEETS [KGS]
272	23082	DRY FRUIT - NUTS GIFT BOX (GB-1)	9	NOS	669.64	6750	SWEETS	DRY FRUIT SWEETS [NOS]
273	23058	DRY FRUIT - NUTS GIFT BOX (GB-15)	10	NOS	584.82	6550	SWEETS	SP-SWEETS
274	23068	DRY FRUIT - NUTS GIFT BOX (GB-16)	6	NOS	714.29	4800	SWEETS	DRY FRUIT SWEETS [NOS]
275	23086	DRY FRUIT - NUTS GIFT BOX (GB-2)	7	NOS	700.89	5495	SWEETS	DRY FRUIT SWEETS [NOS]
276	23080	DRY FRUIT - NUTS GIFT BOX (GB-20)	3	NOS	982.14	3300	SWEETS	DRY FRUIT SWEETS [NOS]
277	23600	DRY FRUIT - NUTS GIFT BOX (GB-28)	4	NOS	1607.14	7200	BAKERY	DRY FRUITS & NUTS - BKRY
278	23167	DRY FRUIT - NUTS GIFT BOX (GB-33)	3	NOS	625	2100	BAKERY	DRY FRUITS & NUTS - BKRY
279	80	DRY FRUIT ASSORTED SWEETS [1 KG]	2	NOS	1333.33	2800	SWEETS	ASSORTED
280	1266	DRY FRUIT BURFI	10.465	KGS	1333.33	14651	SWEETS	DRY FRUIT SWEETS [KGS]
281	40306	DRY FRUIT CHOCO DELIGHT	1.225	KGS	1714.29	2205	SWEETS	DRY FRUIT SWEETS [KGS]
282	388	DRY FRUIT HONEY DEW	4.14	KGS	1333.33	5796	SWEETS	DRY FRUIT SWEETS [KGS]
283	388	DRY FRUIT HONEY DEW	1.75	KGS	1619.05	2669	SWEETS	DRY FRUIT SWEETS [KGS]
284	20150	DRY FRUIT KAJU MOTHI PAK	16.12	KGS	1333.33	22568	SWEETS	DRY FRUIT SWEETS [KGS]
285	20150	DRY FRUIT KAJU MOTHI PAK	2	KGS	1619.05	2992	SWEETS	DRY FRUIT SWEETS [KGS]
286	312	DRY FRUIT LADDU	15.62	KGS	666.67	10934	SWEETS	GHEE SWEETS [KGS]
287	312	DRY FRUIT LADDU	2	KGS	819.05	1439.28	SWEETS	GHEE SWEETS [KGS]
288	40880	DRY FRUITS NUTS BOX (GB)	4	NOS	1160.71	5200	SWEETS	DRY FRUIT SWEETS [NOS]
289	59	DRY JAMOON	33.875	KGS	666.67	23712.5	SWEETS	BENGALI SWEETS [KGS]
290	59	DRY JAMOON	4.5	KGS	819.05	3297.69	SWEETS	BENGALI SWEETS [KGS]
291	309	ELLU BURFI [250GMS]	8	NOS	109.52	920	SWEETS	SP-SWEETS
292	309	ELLU BURFI [250GMS]	1	NOS	128.57	114.75	SWEETS	SP-SWEETS
293	22260	ELLU MURUKKU 200 GRMS	59	NOS	98.21	6490	SAVOURIES	PACKED - SAVOURIES
294	22260	ELLU MURUKKU 200 GRMS	11	NOS	120.54	1214.41	SAVOURIES	PACKED - SAVOURIES
295	8629	ELLU MURUKU 100 GRAMS	35	NOS	49.11	1925	SAVOURIES	PACKED - SAVOURIES
296	1270	EXTRA IDLY (1) NO	439	NOS	22.5	10372.19	SOUTH INDIAN	IDLY VARIETIES
297	337	EXTRA PAV	4	NOS	40	168	SOUTH INDIAN	SIDE DISH ITEMS EXTRAS
298	337	EXTRA PAV	5	NOS	45	236.25	SOUTH INDIAN	SIDE DISH ITEMS EXTRAS
299	1249	EXTRA RICE	2	NOS	45	94.5	SOUTH INDIAN	SIDE DISH ITEMS EXTRAS
300	9	FANCY PEDA	16.376	KGS	666.67	11463.2	SWEETS	MILK SWEETS [KGS]
301	9	FANCY PEDA	0.5	KGS	819.05	363.01	SWEETS	MILK SWEETS [KGS]
302	40180	FESTIVAL DELIGHT	5	NOS	535.71	3000	SAVOURIES	PACKED - SAVOURIES
303	7315	FLAX SHON PAPDI [250 GMS]	35	NOS	142.86	5250	SWEETS	SP-SWEETS
304	8716	FLAX SOAN PAPDI ORANGE(250GM)	8	NOS	142.86	1200	SWEETS	SP-SWEETS
305	8715	FLAX SOAN PAPDI MANGO (250GM)	13	NOS	142.86	1950	SWEETS	SP-SWEETS
306	23263	FRESH CORIANDER RUSK 200 GMS	4	NOS	95.24	400	BAKERY	BREAD
307	183	FRESH LIME JUICE	30	NOS	75	2362.5	JUICE & MILK SHAKES	FRESH JUICE
308	183	FRESH LIME JUICE	268	NOS	80	22512	JUICE & MILK SHAKES	FRESH JUICE
309	1229	FRESH LIME SODA	25	NOS	60	1575	COLD & HOT DRINKS	SOFT DRINKS
310	1229	FRESH LIME SODA	228	NOS	64.76	15503.86	COLD & HOT DRINKS	SOFT DRINKS
311	1229	FRESH LIME SODA	3	NOS	65	204.75	COLD & HOT DRINKS	SOFT DRINKS
312	2177	FRIED CASHEWNUT PEPPER [250 GM]	42	NOS	446.43	21000	SAVOURIES	SAVOURIES - CASHEW ITEMS [NOS]
313	2177	FRIED CASHEWNUT PEPPER [250 GM]	5	NOS	549.11	2433.31	SAVOURIES	SAVOURIES - CASHEW ITEMS [NOS]
314	24405	FRIED CASHEWNUT PEPPER 125GM	8	NOS	223.21	2000	SAVOURIES	SAVOURIES - CASHEW ITEMS [NOS]
315	2182	FRIED CASHEWNUT SALT [250 GM]	26	NOS	446.43	13000	SAVOURIES	SAVOURIES - CASHEW ITEMS [NOS]
316	2182	FRIED CASHEWNUT SALT [250 GM]	1	NOS	549.11	541.2	SAVOURIES	SAVOURIES - CASHEW ITEMS [NOS]
317	24404	FRIED CASHEWNUT SALT 125GM	16	NOS	223.21	4000	SAVOURIES	SAVOURIES - CASHEW ITEMS [NOS]
318	646	FRUIT &NUT (PER SCOOP)	1	NOS	100	105	SPECIAL ICE CREAMS	SPECIAL ICE CREAMS
319	646	FRUIT &NUT (PER SCOOP)	1	NOS	105	110.25	SPECIAL ICE CREAMS	SPECIAL ICE CREAMS
320	21677	FRUIT BISCUIT 100 GRM	9	NOS	59.32	630	BAKERY	COOKIES
321	23487	FRUIT BISCUITS 200 GMS	13	NOS	105.08	1611.87	BAKERY	BISCUITS
322	46	FRUIT HALWA	13.87	KGS	666.67	9709	SWEETS	GHEE SWEETS [KGS]
323	46	FRUIT HALWA	0.75	KGS	819.05	576.65	SWEETS	GHEE SWEETS [KGS]
324	447	FRUIT SALAD	2	NOS	85	178.5	JUICE & MILK SHAKES	JUICE & MILK SHAKES - DESSERT
325	447	FRUIT SALAD	10	NOS	90	945	JUICE & MILK SHAKES	JUICE & MILK SHAKES - DESSERT
326	713	FRUIT SALAD ICE CREAM	2	NOS	140	294	JUICE & MILK SHAKES	JUICE & MILK SHAKES - DESSERT
327	713	FRUIT SALAD ICE CREAM	62	NOS	145	9439.5	JUICE & MILK SHAKES	JUICE & MILK SHAKES - DESSERT
328	228	GAJARA BHAR	2.335	KGS	666.67	1634.5	SWEETS	BENGALI SWEETS [KGS]
329	40366	GARLIC KARAM PODI [250 GMS]	23	NOS	110.17	2990	SAVOURIES	PODI ITEMS
330	921	GARLIC NAAN	229	NOS	105	25247.25	TANDOORI	TANDOORI BREAD
331	921	GARLIC NAAN	31	NOS	120	3071.58	TANDOORI	TANDOORI BREAD
332	40367	GARLIC PARUPPU PODI [250 GMS]	30	NOS	110.17	3900	SAVOURIES	PODI ITEMS
333	505	GARLIC PICKLE [400 GM]	15	NOS	196.43	3300	SAVOURIES	PICKLES
334	505	GARLIC PICKLE [400 GM]	3	NOS	245.54	664.72	SAVOURIES	PICKLES
335	334	GHEE DHALL [100GMS]	48	NOS	35.71	1920	SAVOURIES	PACKED - SAVOURIES
336	825	GHEE MASALA DOSAI	199	NOS	165	34476.75	SOUTH INDIAN	DOSA VARIETIES
337	825	GHEE MASALA DOSAI	63	NOS	180	10044.63	SOUTH INDIAN	DOSA VARIETIES
338	24240	GHEE PODI DOSA	84	NOS	145	12789	SOUTH INDIAN	DOSA VARIETIES
339	857	GHEE PONGAL	1446	NOS	90	136637.55	SOUTH INDIAN	SOUTH INDIAN - SPECIALITIES
340	857	GHEE PONGAL	330	NOS	110	32282.88	SOUTH INDIAN	SOUTH INDIAN - SPECIALITIES
341	815	GHEE RAVA DOSAI	13	NOS	115	1569.75	SOUTH INDIAN	DOSA VARIETIES
342	815	GHEE RAVA DOSAI	26	NOS	150	3458.48	SOUTH INDIAN	DOSA VARIETIES
343	1126	GHEE ROAST	1457	NOS	145	221820.64	SOUTH INDIAN	DOSA VARIETIES
344	1126	GHEE ROAST	129	NOS	165	18565.54	SOUTH INDIAN	DOSA VARIETIES
345	4032	GIFT HANDEL BOX (SMALL)(3.7X3.5X2)350GSM GREY BACK	1523	NOS	2	3393.68	PACKING MATERIALS	CONTAINERS
346	468	GINGER THOKKU [400 GM]	3	NOS	276.79	930	SAVOURIES	RICE MIXES
347	1012	GOBI 65	43	NOS	225	10158.75	CHINESE	CHINESE STARTERS
348	1012	GOBI 65	217	NOS	230	52405.5	CHINESE	CHINESE STARTERS
349	1012	GOBI 65	61	NOS	250	13029.27	CHINESE	CHINESE STARTERS
350	8703	GOBI MANCHURIAN DRY	38	NOS	235	9376.5	CHINESE	CHINESE - DRY & GRAVY
351	8703	GOBI MANCHURIAN DRY	274	NOS	240	69035.4	CHINESE	CHINESE - DRY & GRAVY
352	8703	GOBI MANCHURIAN DRY	52	NOS	260	11571.7	CHINESE	CHINESE - DRY & GRAVY
353	1060	GOBI MANCHURIAN GRAVY	11	NOS	245	2829.75	CHINESE	CHINESE - DRY & GRAVY
354	1060	GOBI MANCHURIAN GRAVY	71	NOS	250	18637.5	CHINESE	CHINESE - DRY & GRAVY
355	1060	GOBI MANCHURIAN GRAVY	36	NOS	260	7995.85	CHINESE	CHINESE - DRY & GRAVY
356	470	GONGURA THOKKU 400 GRAMS	14	NOS	205.36	3220	SAVOURIES	RICE MIXES
357	470	GONGURA THOKKU 400 GRAMS	2	NOS	258.93	492.39	SAVOURIES	RICE MIXES
358	1074	GREEN PEAS MASALA	1	NOS	245	257.25	NORTH INDIAN	SUBJEES
359	1074	GREEN PEAS MASALA	16	NOS	250	4200	NORTH INDIAN	SUBJEES
360	1074	GREEN PEAS MASALA	5	NOS	275	1132.84	NORTH INDIAN	SUBJEES
361	734	GREEN SALAD	29	NOS	85	2588.25	CONTINENTAL	CONTINENTAL - SALAD
362	303	GROUNDNUT KOODU	1	KGS	500	525	SWEETS	KOODU
363	16	GUL KAND BURFI	9.945	KGS	666.67	6961.5	SWEETS	MILK SWEETS [KGS]
364	16	GUL KAND BURFI	1.5	KGS	819.05	1058.12	SWEETS	MILK SWEETS [KGS]
365	1806	HAND MURUKKU [250 GM]	326	NOS	111.61	40125.3	SAVOURIES	SAVOURIES - MURUKKU ITEMS [NOS]
366	1806	HAND MURUKKU [250 GM]	52	NOS	138.39	6673.54	SAVOURIES	SAVOURIES - MURUKKU ITEMS [NOS]
367	8078	HARIYALI PANEER TIKKA	1	NOS	245	257.25	TANDOORI	TANDOORI VARIETIES
368	8078	HARIYALI PANEER TIKKA	41	NOS	250	10762.5	TANDOORI	TANDOORI VARIETIES
369	23210	HEALTH MIX [250G]	7	NOS	129.46	1015	SAVOURIES	PACKED - READYMIX
370	21990	HEALTH MIX [500 G]	1	NOS	232.14	260	SAVOURIES	PACKED - READYMIX
371	24903	HONEY CHILLI GOBI	2	NOS	225	472.5	CHINESE	CHINESE - DRY & GRAVY
372	24903	HONEY CHILLI GOBI	45	NOS	230	10867.5	CHINESE	CHINESE - DRY & GRAVY
373	1069	HOT /SOUP VEG SOUP	110	NOS	105	12127.5	CHINESE	SOUPS
374	870	IDIYAPPAM WITH KURMA	277	NOS	90	26176.5	SOUTH INDIAN	UTHAPPAM VARIETIES
375	8473	IDLY VADAI CURRY	5	NOS	95	498.75	SOUTH INDIAN	VADAI VARIETIES
376	801	IDLY [2 Nos]	4920	NOS	45	232451.11	SOUTH INDIAN	IDLY VARIETIES
377	801	IDLY [2 Nos]	1089	NOS	65	62939.6	SOUTH INDIAN	IDLY VARIETIES
378	240	IDLY PODI [100GMS]	43	NOS	33.33	1505	SAVOURIES	PODI ITEMS
379	7371	IDLY PODI [200 GM]	35	NOS	66.67	2450	SAVOURIES	SAVOURIES-BLENDED SPICES [PIECE]
380	7371	IDLY PODI [200 GM]	11	NOS	85.71	838.66	SAVOURIES	SAVOURIES-BLENDED SPICES [PIECE]
381	133	JAMOON [EACH ]	6	NOS	30.48	192	SWEETS	BENGALI SWEETS [NOS]
382	30	JANGIRI	48.145	KGS	666.67	33001.53	SWEETS	GHEE SWEETS [KGS]
383	30	JANGIRI	1.5	KGS	819.05	1025.61	SWEETS	GHEE SWEETS [KGS]
384	893	JEERA RICE	5	NOS	205	1076.25	NORTH INDIAN	BASUMATI SPECIAL
385	893	JEERA RICE	25	NOS	210	5512.5	NORTH INDIAN	BASUMATI SPECIAL
386	893	JEERA RICE	3	NOS	230	568.79	NORTH INDIAN	BASUMATI SPECIAL
387	24015	JEERA RUSK 200 GMS	8	NOS	42.86	309.62	BAKERY	BREAD
388	24015	JEERA RUSK 200 GMS	7	NOS	61.91	455.07	BAKERY	BREAD
389	31	JILEBI	6.045	KGS	666.67	4231.5	SWEETS	GHEE SWEETS [KGS]
390	1757	KADAI MUSHROOM	4	NOS	255	1071	NORTH INDIAN	SUBJEES
391	1757	KADAI MUSHROOM	33	NOS	260	9009	NORTH INDIAN	SUBJEES
392	949	KADAI PANNEER	16	NOS	265	4452	NORTH INDIAN	SUBJEES
393	949	KADAI PANNEER	85	NOS	270	24083.33	NORTH INDIAN	SUBJEES
394	949	KADAI PANNEER	38	NOS	295	9525.98	NORTH INDIAN	SUBJEES
395	1044	KADAI VEGETABLE	18	NOS	235	4416.82	NORTH INDIAN	SUBJEES
396	1044	KADAI VEGETABLE	43	NOS	240	10836	NORTH INDIAN	SUBJEES
397	1044	KADAI VEGETABLE	15	NOS	285	3383.98	NORTH INDIAN	SUBJEES
398	300	KADALAI BURFI[250GMS]	32	NOS	109.52	3680	SWEETS	SP-SWEETS
399	300	KADALAI BURFI[250GMS]	8	NOS	138.1	890.44	SWEETS	SP-SWEETS
400	40220	KAJU BADAM PISTHA ROLL	12.735	KGS	1523.81	20376	SWEETS	DRY FRUIT SWEETS [KGS]
401	40361	KAJU CHOCO TERRAZE	0.54	KGS	1619.05	918	SWEETS	DRY FRUIT SWEETS [KGS]
402	23488	KAJU ELAICHI BISCUITS 200GMS	20	NOS	122.88	2900	BAKERY	BISCUITS
403	79	KAJU KASMIR	5.125	KGS	1333.33	7175	SWEETS	DRY FRUIT SWEETS [KGS]
404	76	KAJU KATHILY	178.2	KGS	1047.62	196020	SWEETS	DRY FRUIT SWEETS [KGS]
405	76	KAJU KATHILY	20.75	KGS	1220	21575.42	SWEETS	DRY FRUIT SWEETS [KGS]
406	354	KAJU MYSORE PAK	10.67	KGS	1000	11203.5	SWEETS	DRY FRUIT SWEETS [KGS]
407	354	KAJU MYSORE PAK	2	KGS	1238.1	2137.46	SWEETS	DRY FRUIT SWEETS [KGS]
408	7460	KAL DOSAI	74	NOS	95	7381.5	SOUTH INDIAN	DOSA VARIETIES
409	8720	KAL DOSAI VADA CURRY	193	NOS	135	27357.75	SOUTH INDIAN	DOSA VARIETIES
410	60	KALA JAMOON	29.8	KGS	666.67	20860	SWEETS	BENGALI SWEETS [KGS]
411	60	KALA JAMOON	1.75	KGS	819.05	1216.34	SWEETS	BENGALI SWEETS [KGS]
412	7	KALA KAND	22.97	KGS	666.67	16079	SWEETS	MILK SWEETS [KGS]
413	7	KALA KAND	1	KGS	819.05	662.37	SWEETS	MILK SWEETS [KGS]
414	324	KALA KAND BURFI	12.495	KGS	666.67	8746.5	SWEETS	MILK SWEETS [KGS]
415	324	KALA KAND BURFI	1.25	KGS	819.05	938.11	SWEETS	MILK SWEETS [KGS]
416	8631	KARA BOONTHI 100 GRAMS	110	NOS	49.11	6047.25	SAVOURIES	PACKED - SAVOURIES
417	8631	KARA BOONTHI 100 GRAMS	77	NOS	62.5	4690.88	SAVOURIES	PACKED - SAVOURIES
418	22218	KARA BOONTHI 200 GRAMS	188	NOS	98.21	20680	SAVOURIES	PACKED - SAVOURIES
419	22218	KARA BOONTHI 200 GRAMS	15	NOS	125	1704.55	SAVOURIES	PACKED - SAVOURIES
420	367	KARA KOZHUKATTAI (2 Pcs)	139	NOS	45	6567.75	CHAT	CHAT SPECIALITIES
421	367	KARA KOZHUKATTAI (2 Pcs)	146	NOS	50	7665	CHAT	CHAT SPECIALITIES
422	418	KARAAPPAM	133	NOS	40	5586	SOUTH INDIAN	UTHAPPAM VARIETIES
423	418	KARAAPPAM	99	NOS	45	4677.75	SOUTH INDIAN	UTHAPPAM VARIETIES
424	238	KARUVAPPILAI PODI [100GMS]	17	NOS	42.86	765	SAVOURIES	PODI ITEMS
425	7369	KARUVEPILLAI PODI [200 GM]	2	NOS	85.71	180	SAVOURIES	SAVOURIES-BLENDED SPICES [PIECE]
426	40368	KARUVEPPILAI PODI [250 GMS]	18	NOS	110.17	2340	SAVOURIES	PODI ITEMS
427	471	KARUVEPPILAI THOKKU [400GMS]	10	NOS	205.36	2300	SAVOURIES	RICE MIXES
428	471	KARUVEPPILAI THOKKU [400GMS]	2	NOS	258.93	452.49	SAVOURIES	RICE MIXES
429	1524	KASHMIR PULAO	5	NOS	255	1091.45	NORTH INDIAN	BASUMATI SPECIAL
430	23489	KESAR BADAM BISCUITS 200GMS	18	NOS	122.88	2610	BAKERY	BISCUITS
431	21462	KESAR BADAM BISCUITS (100GMS)	10	NOS	63.56	750	BAKERY	BISCUITS
432	23417	KESAR BADAM CASATTA	9.95	KGS	1333.33	13930	SWEETS	DRY FRUIT SWEETS [KGS]
433	8470	KESAR BASUNDHI 100 ML	558	NOS	64.76	37929.82	SWEETS	MILK SWEETS [NOS]
434	15	KESAR KALAKAND BURFI	9.23	KGS	666.67	6461	SWEETS	MILK SWEETS [KGS]
435	15	KESAR KALAKAND BURFI	0.25	KGS	819.05	182.75	SWEETS	MILK SWEETS [KGS]
436	12	KESAR PEDA	62.575	KGS	666.67	43347.52	SWEETS	MILK SWEETS [KGS]
437	12	KESAR PEDA	4.5	KGS	819.05	3197.39	SWEETS	MILK SWEETS [KGS]
438	47	KESAR WHEAT HALWA	14.01	KGS	666.67	9807	SWEETS	GHEE SWEETS [KGS]
439	47	KESAR WHEAT HALWA	1.5	KGS	819.05	1079.09	SWEETS	GHEE SWEETS [KGS]
440	20327	KINLEY SODA 750ML	7	Botls	16.95	140	RESALE	WATER BOTTLE
441	20327	KINLEY SODA 750ML	8	Botls	19.05	160.01	RESALE	WATER BOTTLE
442	8982	KINLEY WATER 1 LTR	116	NOS	16.95	2320.04	RESALE	WATER BOTTLE
443	8982	KINLEY WATER 1 LTR	2153	NOS	19.05	43061.24	RESALE	WATER BOTTLE
444	29580	KINLEY WATER 300ML	3	NOS	6.78	24	RESALE	WATER BOTTLE
445	29580	KINLEY WATER 300ML	77	NOS	7.62	616.04	RESALE	WATER BOTTLE
446	197	KIRINI PAZHAM  JUICE	33	NOS	90	3118.5	JUICE & MILK SHAKES	FRESH JUICE
447	197	KIRINI PAZHAM  JUICE	83	NOS	95	8279.25	JUICE & MILK SHAKES	FRESH JUICE
448	224	KRANTHI	10.95	KGS	666.67	7665	SWEETS	BENGALI SWEETS [KGS]
449	1655	LACHA PARATHA	2	NOS	130	273	TANDOORI	TANDOORI BREAD
450	23	LADDU	70.01	KGS	666.67	48307.03	SWEETS	GHEE SWEETS [KGS]
451	23	LADDU	3.5	KGS	819.05	2509.21	SWEETS	GHEE SWEETS [KGS]
452	35	LAVANKA LATHIKA	14.88	KGS	666.67	10416	SWEETS	GHEE SWEETS [KGS]
453	383	LEMON PICKLE [400 GM]	10	NOS	196.43	2200	SAVOURIES	PICKLES
454	383	LEMON PICKLE [400 GM]	2	NOS	245.54	465.25	SAVOURIES	PICKLES
455	890	LEMON RICE	38	NOS	85	3391.5	SOUTH INDIAN	VARIETY RICE
456	40412	LOW SUGAR NATURAL	0.78	KGS	1523.81	1248	SWEETS	DRY FRUIT SWEETS [KGS]
457	8822	LUNCH - A2B COMBO SPECIAL (IV) (SERV)	40	NOS	400	16800	PARTY HALL MENU ITEMS	PARTY HALL MENU ITEMS
458	907	M.MILK	51	NOS	35	1874.25	SOUTH INDIAN	HOT DRINKS
459	907	M.MILK	7	NOS	38.09	279.95	SOUTH INDIAN	HOT DRINKS
460	907	M.MILK	135	NOS	40	5670	SOUTH INDIAN	HOT DRINKS
461	24262	MA LADDU[100 GMS]	10	NOS	62.86	660	SWEETS	GHEE SWEETS [NOS]
462	40905	MAAZA 300ML (TFS)	2	NOS	95.24	200	RESALE	COOL DRINKS - II
463	8904	MADRAS MIXTURE 100GMS	252	NOS	49.11	13857.25	SAVOURIES	SAVOURIES - MIXTURE ITEMS [NOS]
464	8904	MADRAS MIXTURE 100GMS	59	NOS	62.5	3403.16	SAVOURIES	SAVOURIES - MIXTURE ITEMS [NOS]
465	8562	MADRAS MIXTURE 250GRAMS	643	NOS	122.77	88130.67	SAVOURIES	SAVOURIES - MIXTURE ITEMS [NOS]
466	8562	MADRAS MIXTURE 250GRAMS	58	NOS	151.79	8305.98	SAVOURIES	SAVOURIES - MIXTURE ITEMS [NOS]
467	8707	MADRAS MIXTURE 50 GRAMS	1868	NOS	24.55	48612.92	SAVOURIES	SAVOURIES - MIXTURE ITEMS [KGS]
468	475	MADURAI KOTHAMALLI [400 GM]	9	NOS	223.21	2250	SAVOURIES	RICE MIXES
469	20418	MAKKAN PEDA [KGS]	24.355	KGS	666.67	17048.5	SWEETS	GHEE SWEETS [KGS]
470	8	MALAI PEDA	63.552	KGS	666.67	44031.42	SWEETS	MILK SWEETS [KGS]
471	8	MALAI PEDA	2.75	KGS	819.05	1992.32	SWEETS	MILK SWEETS [KGS]
472	63	MALAI CHAM CHAM	9.295	KGS	666.67	6506.5	SWEETS	BENGALI SWEETS [KGS]
473	222	MALAI CHANDRAGULLA	1.165	KGS	666.67	815.5	SWEETS	BENGALI SWEETS [KGS]
474	955	MALAI KOFTHA	2	NOS	265	556.5	NORTH INDIAN	SUBJEES
475	955	MALAI KOFTHA	34	NOS	270	9639	NORTH INDIAN	SUBJEES
476	1204	MALAI ROLL (PCS)	10	PICES	33.33	350	SWEETS	BENGALI SWEETS [NOS]
477	62	MALAI SANDWICH	15.225	KGS	666.67	10657.5	SWEETS	BENGALI SWEETS [KGS]
478	889	MALLI RICE	21	NOS	85	1874.25	SOUTH INDIAN	VARIETY RICE
479	52	MALT MYSORE PAK	17.585	KGS	666.67	12309.5	SWEETS	GHEE SWEETS [KGS]
480	52	MALT MYSORE PAK	2	KGS	819.05	1446.76	SWEETS	GHEE SWEETS [KGS]
481	1067	MANCHOW SOUP	59	NOS	105	6504.75	CHINESE	SOUPS
482	1191	MANGO GINGER THOKKU [400 GMS]	9	NOS	205.36	2070	SAVOURIES	RICE MIXES
483	1191	MANGO GINGER THOKKU [400 GMS]	1	NOS	258.93	222.72	SAVOURIES	RICE MIXES
484	691	MANGO ICE CREAM (PER SCOOP)	6	NOS	100	630	SPECIAL ICE CREAMS	SPECIAL ICE CREAMS
485	691	MANGO ICE CREAM (PER SCOOP)	64	NOS	105	7056	SPECIAL ICE CREAMS	SPECIAL ICE CREAMS
486	186	MANGO JUICE	16	NOS	100	1680	JUICE & MILK SHAKES	FRESH JUICE
487	186	MANGO JUICE	4	NOS	105	441	JUICE & MILK SHAKES	FRESH JUICE
488	186	MANGO JUICE	78	NOS	110	9009	JUICE & MILK SHAKES	FRESH JUICE
489	40803	MANGO KOVA BURFI	11.08	KGS	666.67	7756	SWEETS	MILK SWEETS [KGS]
490	1866	MANGO MILK SHAKE	10	NOS	140	1470	JUICE & MILK SHAKES	MILK SHAKES
491	1866	MANGO MILK SHAKE	57	NOS	145	8678.25	JUICE & MILK SHAKES	MILK SHAKES
492	559	MANGO MILK SHAKE  (W O I )	1	NOS	140	147	JUICE & MILK SHAKES	MILK SHAKES
493	370	MANGO PICKLE [400GM]	20	NOS	196.43	4400	SAVOURIES	PICKLES
494	22957	MASALA CHIPS 100GMS	65	NOS	53.57	3900	SAVOURIES	SAVOURIES - CHIPS ITEMS [NOS]
495	22957	MASALA CHIPS 100GMS	53	NOS	66.96	3359.49	SAVOURIES	SAVOURIES - CHIPS ITEMS [NOS]
496	812	MASALA DOSAI	1533	NOS	115	185043.34	SOUTH INDIAN	DOSA VARIETIES
497	812	MASALA DOSAI	303	NOS	130	34601.02	SOUTH INDIAN	DOSA VARIETIES
498	344	MASALA GROUNDNUT [100 GM]	20	NOS	44.64	1000	SAVOURIES	PACKED - SAVOURIES
499	20497	MASALA NENDRAM CHIPS	8.485	KGS	571.43	5430.4	SAVOURIES	SAVOURIES - CHIPS ITEMS [KGS]
500	487	MASALA PAPAD	42	NOS	45	1984.5	NORTH INDIAN	ACCOMPANIMENTS
501	24302	MASALA PORI(150GM)	56	NOS	62.5	3916.5	SAVOURIES	PACKED - SAVOURIES
502	159	MASALA PURI	87	NOS	100	9135	CHAT	CHAT SPECIALITIES
503	159	MASALA PURI	39	NOS	105	4299.75	CHAT	CHAT SPECIALITIES
504	159	MASALA PURI	17	NOS	115	1692.24	CHAT	CHAT SPECIALITIES
505	1669	MATTAR PANEER	3	NOS	245	771.75	NORTH INDIAN	SUBJEES
506	1669	MATTAR PANEER	28	NOS	250	7350	NORTH INDIAN	SUBJEES
507	852	MEDHU VADAI	2642	NOS	40	110959.8	SOUTH INDIAN	VADAI VARIETIES
508	852	MEDHU VADAI	297	NOS	60	15866.33	SOUTH INDIAN	VADAI VARIETIES
509	21522	MILK BUTTER RUSK 200 GMS	8	NOS	66.67	560	BAKERY	BREAD
510	18	MILK HALWA	16.28	KGS	666.67	11396	SWEETS	MILK SWEETS [KGS]
511	18	MILK HALWA	1.5	KGS	819.05	1111.34	SWEETS	MILK SWEETS [KGS]
512	246	MILK PENI [250 GM]	33	NOS	138.1	4785.31	SWEETS	SP-SWEETS
513	246	MILK PENI [250 GM]	8	NOS	166.67	1259.67	SWEETS	SP-SWEETS
514	21867	MILK RUSK (200 GMS)	18	NOS	61.91	1170.18	BAKERY	BREAD
515	310	MINI JANGIRI	83	KGS	666.67	58100	SWEETS	GHEE SWEETS [KGS]
516	310	MINI JANGIRI	5.75	KGS	819.05	4403.47	SWEETS	GHEE SWEETS [KGS]
517	898	MINI LUNCH	1163	NOS	150	183172.5	SOUTH INDIAN	SOUTH INDIAN - MEAL VARIETIES
518	898	MINI LUNCH	1385	NOS	155	224188.13	SOUTH INDIAN	SOUTH INDIAN - MEAL VARIETIES
519	898	MINI LUNCH	746	NOS	185	123364.24	SOUTH INDIAN	SOUTH INDIAN - MEAL VARIETIES
520	40898	MINI MURKKU ONION FLAVOUR (200GM)	165	NOS	98.21	18150	SAVOURIES	SAVOURIES - MURUKKU ITEMS [NOS]
521	40899	MINI MURUKKU (200GM)	651	NOS	98.21	67202.77	SAVOURIES	SAVOURIES - MURUKKU ITEMS [NOS]
522	318	MINI PEPPER THATTAI	70	KGS	491.07	34649.9	SAVOURIES	SAVOURIES - THATTAI & SEEDAI [KGS]
523	20696	MINI PEPPER THATTAI 250 GMS	212	NOS	122.77	29150	SAVOURIES	SAVOURIES - THATTAI & SEEDAI [NOS]
524	20696	MINI PEPPER THATTAI 250 GMS	32	NOS	151.79	4368.2	SAVOURIES	SAVOURIES - THATTAI & SEEDAI [NOS]
525	124	MINI SAMOSA	4.175	KGS	300	1477.95	CHAT	SAMOSA
526	317	MINI THATTAI	90	KGS	446.43	40500.13	SAVOURIES	SAVOURIES - THATTAI & SEEDAI [KGS]
527	8572	MINI THATTAI 250 GMS	284	NOS	111.61	35500	SAVOURIES	SAVOURIES - THATTAI & SEEDAI [NOS]
528	8572	MINI THATTAI 250 GMS	45	NOS	138.39	5839	SAVOURIES	SAVOURIES - THATTAI & SEEDAI [NOS]
529	2175	MINI THENKUZHAL [250 GM]	551	NOS	111.61	66375.58	SAVOURIES	SAVOURIES - SPECIALITIES [NOS]
530	2175	MINI THENKUZHAL [250 GM]	60	NOS	138.39	7888.58	SAVOURIES	SAVOURIES - SPECIALITIES [NOS]
531	119	MINI THENKUZHUAL	355	KGS	446.43	159750.51	SAVOURIES	SAVOURIES - SPECIALITIES [KGS]
532	807	MINI TIFFIN	1819	NOS	130	245973.02	SOUTH INDIAN	SOUTH INDIAN - COMBOS
533	807	MINI TIFFIN	331	NOS	145	50394.75	SOUTH INDIAN	SOUTH INDIAN - COMBOS
534	807	MINI TIFFIN	631	NOS	180	100163.77	SOUTH INDIAN	SOUTH INDIAN - COMBOS
535	1120	MINT LEMON JUICE	2	NOS	75	157.5	JUICE & MILK SHAKES	FRESH JUICE
536	514	MIX GRILLED SANDWICH	9	NOS	110	1039.5	PIZZA & SANDWICH	SANDWICH
537	514	MIX GRILLED SANDWICH	129	NOS	115	14816.78	PIZZA & SANDWICH	SANDWICH
538	1814	MIX VEG CURRY	1	NOS	255	267.75	NORTH INDIAN	SUBJEES
539	1814	MIX VEG CURRY	9	NOS	260	2457	NORTH INDIAN	SUBJEES
540	1652	MIX VEGETABLE	2	NOS	225	472.5	NORTH INDIAN	SUBJEES
541	1652	MIX VEGETABLE	17	NOS	230	4105.5	NORTH INDIAN	SUBJEES
542	338	MOONG DHALL[100GMS]	3960	NOS	44.64	178238.62	SAVOURIES	PACKED - SAVOURIES
543	22259	MOTA SAV 200 GRMS	10	NOS	89.29	1000	SAVOURIES	PACKED - SAVOURIES
544	22259	MOTA SAV 200 GRMS	5	NOS	111.61	527.25	SAVOURIES	PACKED - SAVOURIES
545	245	MOTHI LADDU	312.585	KGS	666.67	218146.91	SWEETS	GHEE SWEETS [KGS]
546	245	MOTHI LADDU	26	KGS	819.05	18740.57	SWEETS	GHEE SWEETS [KGS]
547	29	MOTHI PAK	18.775	KGS	666.67	13142.5	SWEETS	GHEE SWEETS [KGS]
548	95	MOTO MIXTURE	232	KGS	491.07	114839.67	SAVOURIES	SAVOURIES - MIXTURE ITEMS [KGS]
549	2185	MULLU MURUKKU [250 GM]	137	NOS	111.61	17125	SAVOURIES	SAVOURIES - MURUKKU ITEMS [NOS]
550	2185	MULLU MURUKKU [250 GM]	17	NOS	138.39	2149.28	SAVOURIES	SAVOURIES - MURUKKU ITEMS [NOS]
551	1017	MUSHROOM 65	5	NOS	235	1233.75	CHINESE	CHINESE STARTERS
552	1017	MUSHROOM 65	41	NOS	240	10332	CHINESE	CHINESE STARTERS
553	1017	MUSHROOM 65	9	NOS	270	2080.08	CHINESE	CHINESE STARTERS
554	1465	MUSHROOM BIRYANI	17	NOS	225	4016.25	NORTH INDIAN	BASUMATI SPECIAL
555	1465	MUSHROOM BIRYANI	124	NOS	230	29946	NORTH INDIAN	BASUMATI SPECIAL
556	1465	MUSHROOM BIRYANI	59	NOS	265	13570	NORTH INDIAN	BASUMATI SPECIAL
557	850	MUSHROOM DOSAI	127	NOS	165	22002.75	SOUTH INDIAN	DOSA VARIETIES
558	926	MUSHROOM FRIED RICE	33	NOS	225	7796.25	CHINESE	FRIED RICE
559	926	MUSHROOM FRIED RICE	163	NOS	230	39364.5	CHINESE	FRIED RICE
560	926	MUSHROOM FRIED RICE	23	NOS	260	5383.33	CHINESE	FRIED RICE
561	8781	MUSHROOM MANCHURIAN DRY	4	NOS	235	987	CHINESE	CHINESE - DRY & GRAVY
562	8781	MUSHROOM MANCHURIAN DRY	42	NOS	240	10584	CHINESE	CHINESE - DRY & GRAVY
563	8781	MUSHROOM MANCHURIAN DRY	15	NOS	275	3572.71	CHINESE	CHINESE - DRY & GRAVY
564	1076	MUSHROOM MANCHURIAN GRAVY	4	NOS	245	1029	CHINESE	CHINESE - DRY & GRAVY
565	1076	MUSHROOM MANCHURIAN GRAVY	12	NOS	250	3150	CHINESE	CHINESE - DRY & GRAVY
566	1076	MUSHROOM MANCHURIAN GRAVY	3	NOS	275	632.91	CHINESE	CHINESE - DRY & GRAVY
567	1075	MUSHROOM MASALA	9	NOS	255	2409.75	NORTH INDIAN	SUBJEES
568	1075	MUSHROOM MASALA	38	NOS	260	10374	NORTH INDIAN	SUBJEES
569	1075	MUSHROOM MASALA	9	NOS	285	2004.6	NORTH INDIAN	SUBJEES
570	1049	MUSHROOM NOODLES	3	NOS	225	708.75	CHINESE	NOODLES
571	1049	MUSHROOM NOODLES	36	NOS	230	8694	CHINESE	NOODLES
572	1049	MUSHROOM NOODLES	8	NOS	275	1751.75	CHINESE	NOODLES
573	996	MUSHROOM PEPPER FRY	5	NOS	225	1181.25	CHINESE	CHINESE SPL STARTERS
574	996	MUSHROOM PEPPER FRY	77	NOS	230	18595.5	CHINESE	CHINESE SPL STARTERS
575	996	MUSHROOM PEPPER FRY	27	NOS	265	6033.2	CHINESE	CHINESE SPL STARTERS
576	21476	MUSHROOM PUFFS	58	NOS	42.37	2899.88	BAKERY	PUFFS
577	999	MUSHROOM PULAO	4	NOS	225	945	NORTH INDIAN	BASUMATI SPECIAL
578	999	MUSHROOM PULAO	18	NOS	230	4347	NORTH INDIAN	BASUMATI SPECIAL
579	999	MUSHROOM PULAO	15	NOS	250	3158.53	NORTH INDIAN	BASUMATI SPECIAL
580	991	MUSHROOM TIKKA	25	NOS	250	6562.5	TANDOORI	TANDOORI STARTERS
581	36	MYSORE PAK	15.305	KGS	666.67	10713.5	SWEETS	GHEE SWEETS [KGS]
582	36	MYSORE PAK	3.25	KGS	819.05	2276.94	SWEETS	GHEE SWEETS [KGS]
583	40369	NALLA KARAM PODI [250 GMS]	7	NOS	110.17	910	SAVOURIES	PODI ITEMS
584	21998	NANNARI SARBATH (H2H)	188	NOS	28.57	5639.91	H2H	H2H
585	41028	NATURAL ANJEER BURFI	3.875	KGS	1600	6510	SWEETS	DRY FRUIT SWEETS [KGS]
586	41027	NATURAL DATES BURFI	2.435	KGS	1400	3579.45	SWEETS	DRY FRUIT SWEETS [KGS]
587	1332	NAVARATHNA KURUMA	5	NOS	290	1522.5	NORTH INDIAN	SUBJEES
588	8641	NAVATHANYAM 100 GRAMS	91	NOS	53.57	5460	SAVOURIES	PACKED - SAVOURIES
589	22248	NAVATHANYAM 200 GRAMS	26	NOS	107.14	3120	SAVOURIES	PACKED - SAVOURIES
590	22248	NAVATHANYAM 200 GRAMS	6	NOS	133.93	810	SAVOURIES	PACKED - SAVOURIES
591	1397	NORTH INDIAN MEALS	311	NOS	260	84903	NORTH INDIAN	NORTH INDIAN - MEAL VARIETIES
592	1397	NORTH INDIAN MEALS	29	NOS	270	8221.5	NORTH INDIAN	NORTH INDIAN - MEAL VARIETIES
593	1397	NORTH INDIAN MEALS	123	NOS	290	31040.86	NORTH INDIAN	NORTH INDIAN - MEAL VARIETIES
594	8643	OMPODI 100 GRAMS	194	NOS	44.64	9697.5	SAVOURIES	PACKED - SAVOURIES
595	8643	OMPODI 100 GRAMS	42	NOS	58.04	2294.9	SAVOURIES	PACKED - SAVOURIES
596	22219	OMPODI 200 GRAMS	142	NOS	89.29	14200	SAVOURIES	PACKED - SAVOURIES
597	22219	OMPODI 200 GRAMS	11	NOS	111.61	1235.32	SAVOURIES	PACKED - SAVOURIES
598	1211	ONION BAJI 2 NOS	113	NOS	50	5932.5	SOUTH INDIAN	BAJJI
599	809	ONION DOSAI	396	NOS	115	47810.96	SOUTH INDIAN	DOSA VARIETIES
600	809	ONION DOSAI	54	NOS	130	6059.16	SOUTH INDIAN	DOSA VARIETIES
601	1741	ONION MASALA DOSAI	7	NOS	125	918.75	SOUTH INDIAN	DOSA VARIETIES
602	105	ONION POKODA	30.211	KGS	401.79	13594.95	SAVOURIES	SAVOURIES - PAKODA ITEMS
603	814	ONION RAVA DOSAI	764	NOS	125	100275	SOUTH INDIAN	DOSA VARIETIES
604	814	ONION RAVA DOSAI	128	NOS	140	15525.14	SOUTH INDIAN	DOSA VARIETIES
605	7403	ONION RAVA MASALA DOSAI	51	NOS	145	7764.75	SOUTH INDIAN	DOSA VARIETIES
606	23350	ONION RUSK 200 GMS	10	NOS	95.24	1000	BAKERY	BREAD
607	377	ONION THOKKU [400 GM]	16	NOS	205.36	3680	SAVOURIES	RICE MIXES
608	377	ONION THOKKU [400 GM]	1	NOS	258.93	255.2	SAVOURIES	RICE MIXES
609	863	ONION UTHAPPAM	149	NOS	140	18330.88	SOUTH INDIAN	UTHAPPAM VARIETIES
610	863	ONION UTHAPPAM	583	NOS	155	94875.11	SOUTH INDIAN	UTHAPPAM VARIETIES
611	40203	ORANGE DIVINE	3.63	KGS	1333.33	5082	SWEETS	DRY FRUIT SWEETS [KGS]
612	194	ORANGE JUICE	127	NOS	105	14001.75	JUICE & MILK SHAKES	FRESH JUICE
613	194	ORANGE JUICE	259	NOS	110	29908.73	JUICE & MILK SHAKES	FRESH JUICE
614	40410	ORANGE NATURAL	0.735	KGS	1428.57	1102.5	SWEETS	DRY FRUIT SWEETS [KGS]
615	1040	PALAK PANEER	5	NOS	245	1286.25	NORTH INDIAN	PALAK
616	1040	PALAK PANEER	48	NOS	250	12600	NORTH INDIAN	PALAK
617	22505	PALMSUGAR KAJU KATHILY	13.535	KGS	1333.33	18949	SWEETS	DRY FRUIT SWEETS [KGS]
618	22505	PALMSUGAR KAJU KATHILY	0.5	KGS	1619.05	786.25	SWEETS	DRY FRUIT SWEETS [KGS]
619	1058	PANEEER BUTTER MASALA	64	NOS	245	16464	NORTH INDIAN	SUBJEES
620	1058	PANEEER BUTTER MASALA	336	NOS	250	88200	NORTH INDIAN	SUBJEES
621	1058	PANEEER BUTTER MASALA	107	NOS	285	25746.13	NORTH INDIAN	SUBJEES
622	1016	PANEER 65	16	NOS	235	3948	CHINESE	CHINESE STARTERS
623	1016	PANEER 65	117	NOS	240	29484	CHINESE	CHINESE STARTERS
624	1016	PANEER 65	30	NOS	275	7001.36	CHINESE	CHINESE STARTERS
625	8221	PANEER 65- PUFFS	59	NOS	50.85	3540.12	BAKERY	PUFFS
626	964	PANEER ACHARI TIKKA	33	NOS	250	8662.5	TANDOORI	TANDOORI VARIETIES
627	1041	PANEER BUJIA	1	NOS	290	304.5	NORTH INDIAN	SUBJEES
628	8102	PANEER BURJI	11	NOS	290	3349.5	NORTH INDIAN	SUBJEES
629	1957	PANEER DOSAI	304	NOS	165	52668	SOUTH INDIAN	DOSA VARIETIES
630	923	PANEER FRIED RICE	33	NOS	225	7796.25	CHINESE	FRIED RICE
631	923	PANEER FRIED RICE	186	NOS	230	44919	CHINESE	FRIED RICE
632	923	PANEER FRIED RICE	61	NOS	270	13957.78	CHINESE	FRIED RICE
633	56	PANEER JAMOON	93.42	KGS	666.67	65385.25	SWEETS	BENGALI SWEETS [KGS]
634	56	PANEER JAMOON	6.75	KGS	819.05	4842.85	SWEETS	BENGALI SWEETS [KGS]
635	84	PANEER JILEBI	0.555	KGS	666.67	388.5	SWEETS	GHEE SWEETS [KGS]
636	8779	PANEER MANCHURIAN DRY	8	NOS	235	1974	CHINESE	CHINESE - DRY & GRAVY
637	8779	PANEER MANCHURIAN DRY	31	NOS	240	7812	CHINESE	CHINESE - DRY & GRAVY
638	8779	PANEER MANCHURIAN DRY	24	NOS	275	5469.33	CHINESE	CHINESE - DRY & GRAVY
639	933	PANEER MANCHURIAN GRAVY	2	NOS	245	514.5	CHINESE	CHINESE - DRY & GRAVY
640	933	PANEER MANCHURIAN GRAVY	15	NOS	250	3937.5	CHINESE	CHINESE - DRY & GRAVY
641	933	PANEER MANCHURIAN GRAVY	7	NOS	275	1615.58	CHINESE	CHINESE - DRY & GRAVY
642	7361	PANEER MUSHROOM MASALA	1	NOS	265	278.25	NORTH INDIAN	SUBJEES
643	7361	PANEER MUSHROOM MASALA	11	NOS	270	3118.5	NORTH INDIAN	SUBJEES
644	1135	PANEER NOODLES	3	NOS	225	708.75	CHINESE	NOODLES
645	1135	PANEER NOODLES	60	NOS	230	14490	CHINESE	NOODLES
646	1135	PANEER NOODLES	8	NOS	270	1817.65	CHINESE	NOODLES
647	976	PANEER PARATHA	16	NOS	115	1925.96	TANDOORI	TANDOORI VARIETIES
648	998	PANEER PULAO	3	NOS	225	708.75	NORTH INDIAN	BASUMATI SPECIAL
649	998	PANEER PULAO	15	NOS	230	3622.5	NORTH INDIAN	BASUMATI SPECIAL
650	998	PANEER PULAO	25	NOS	250	5404.24	NORTH INDIAN	BASUMATI SPECIAL
651	1847	PANEER TIKKA MASALA	1	NOS	265	278.25	NORTH INDIAN	SUBJEES
652	1847	PANEER TIKKA MASALA	75	NOS	270	21262.5	NORTH INDIAN	SUBJEES
653	139	PANI PURI	195	NOS	70	14332.5	CHAT	CHAT SPECIALITIES
654	139	PANI PURI	222	NOS	75	17482.5	CHAT	CHAT SPECIALITIES
655	139	PANI PURI	32	NOS	85	2393.41	CHAT	CHAT SPECIALITIES
656	1929	PANNEER BIRIYANI	28	NOS	225	6615	NORTH INDIAN	BASUMATI SPECIAL
657	1929	PANNEER BIRIYANI	99	NOS	230	23908.5	NORTH INDIAN	BASUMATI SPECIAL
658	1929	PANNEER BIRIYANI	93	NOS	260	20272.58	NORTH INDIAN	BASUMATI SPECIAL
659	962	PANNEER TIKKA	15	NOS	245	3858.75	TANDOORI	TANDOORI STARTERS
660	962	PANNEER TIKKA	184	NOS	250	48286.88	TANDOORI	TANDOORI STARTERS
661	8219	PANNER PUFFS - [BKERY]	128	NOS	25.42	3839.72	BAKERY	PUFFS
662	8220	PANNER TIKKI -PUFFS	49	NOS	50.85	2940.14	BAKERY	PUFFS
663	853	PAPER DOSAI	55	NOS	145	8373.75	SOUTH INDIAN	DOSA VARIETIES
664	841	PAPER MASALA DOSAI	21	NOS	165	3638.25	SOUTH INDIAN	DOSA VARIETIES
665	880	PARATHA WITH KURMA	1663	NOS	105	183318.19	SOUTH INDIAN	PARATHA VARIETIES
666	880	PARATHA WITH KURMA	276	NOS	110	26136.51	SOUTH INDIAN	PARATHA VARIETIES
667	7553	PAROTTA EACH	95	NOS	52.5	5237.34	SOUTH INDIAN	PARATHA VARIETIES
668	239	PARUPPU PODI [100GMS]	43	NOS	38.1	1718.43	SAVOURIES	SAVOURIES-BLENDED SPICES [PIECE]
669	7370	PARUPPU PODI [200 GM]	29	NOS	76.19	2320	SAVOURIES	PODI ITEMS
670	7370	PARUPPU PODI [200 GM]	7	NOS	95.24	599.72	SAVOURIES	PODI ITEMS
671	164	PAV BHAJI	236	NOS	120	29736	CHAT	PAV BHAJI
672	164	PAV BHAJI	264	NOS	125	34650	CHAT	PAV BHAJI
673	21012	PAYASAM MIX [200 GMS]	3	NOS	67.8	240	SAVOURIES	SAVOURIES-INSTANT MIX [PIECE]
674	21012	PAYASAM MIX [200 GMS]	1	NOS	84.75	88	SAVOURIES	SAVOURIES-INSTANT MIX [PIECE]
675	473	PEPPER KULAMBU [400 GMS]	3	NOS	194.92	690.03	SAVOURIES	RICE MIXES
676	22923	PEPPER SEV (100 GMS)	310	NOS	44.64	14494.42	SAVOURIES	SAVOURIES - SPECIALITIES [NOS]
677	40688	PEPPER SEV 200 GRMS	140	NOS	89.29	13995.01	SAVOURIES	PACKED - SAVOURIES
678	40688	PEPPER SEV 200 GRMS	15	NOS	98.21	1377.77	SAVOURIES	PACKED - SAVOURIES
679	8858	PIECES CHOCOLATE SPL	178	PICES	25.42	5339.26	BAKERY	CHOCOLATES - BKRY
680	188	PINE APPLE JUICE	26	NOS	100	2730	JUICE & MILK SHAKES	FRESH JUICE
681	188	PINE APPLE JUICE	18	NOS	105	1984.5	JUICE & MILK SHAKES	FRESH JUICE
682	188	PINE APPLE JUICE	82	NOS	110	9471	JUICE & MILK SHAKES	FRESH JUICE
683	8241	PISTA GHEE BISCUITS 250 Gms- COOKIES	53	NOS	186.44	11660	BAKERY	COOKIES
684	1818	PISTA ICE CREAM (PER SCOOP)	2	NOS	110	231	SPECIAL ICE CREAMS	SPECIAL ICE CREAMS
685	1818	PISTA ICE CREAM (PER SCOOP)	36	NOS	115	4347	SPECIAL ICE CREAMS	SPECIAL ICE CREAMS
686	209	PISTA MILK SHAKE	2	NOS	160	336	JUICE & MILK SHAKES	MILK SHAKES
687	209	PISTA MILK SHAKE	19	NOS	165	3291.75	JUICE & MILK SHAKES	MILK SHAKES
688	811	PLAIN DOSAI	3573	NOS	95	356381.81	SOUTH INDIAN	DOSA VARIETIES
689	811	PLAIN DOSAI	550	NOS	100	48606.64	SOUTH INDIAN	DOSA VARIETIES
690	919	PLAIN NAAN	15	NOS	70	1102.5	TANDOORI	TANDOORI BREAD
691	919	PLAIN NAAN	129	NOS	75	10158.75	TANDOORI	TANDOORI BREAD
692	919	PLAIN NAAN	29	NOS	85	2241.96	TANDOORI	TANDOORI BREAD
693	109	PLAINTAIN CHIPS	12.315	KGS	535.71	7389	SAVOURIES	SAVOURIES - CHIPS ITEMS [KGS]
694	8165	PLUM CAKE [100 GRMS]	1	NOS	58.48	69.01	BAKERY	CAKES
695	819	PODI DOSAI	357	NOS	135	50604.75	SOUTH INDIAN	DOSA VARIETIES
696	819	PODI DOSAI	69	NOS	160	9658.99	SOUTH INDIAN	DOSA VARIETIES
697	1858	PODI MASALA DOSAI	71	NOS	155	11555.25	SOUTH INDIAN	DOSA VARIETIES
698	1286	PODI UTHAPPAM	66	NOS	135	9355.5	SOUTH INDIAN	UTHAPPAM VARIETIES
699	193	POMEGRANATE JUICE	91	NOS	100	9555	JUICE & MILK SHAKES	FRESH JUICE
700	193	POMEGRANATE JUICE	97	NOS	105	10688.74	JUICE & MILK SHAKES	FRESH JUICE
701	20759	PONGAL MIX [200 GMS]	9	NOS	59.32	630	SAVOURIES	SAVOURIES-INSTANT MIX [PIECE]
702	20759	PONGAL MIX [200 GMS]	1	NOS	76.27	90	SAVOURIES	SAVOURIES-INSTANT MIX [PIECE]
703	544	POORI [1 NOS]	26	NOS	45	1228.5	CHAT	CHAT SPECIALITIES
704	856	POORI [2 NOS]	1651	NOS	90	156014.78	SOUTH INDIAN	SOUTH INDIAN - SPECIALITIES
705	856	POORI [2 NOS]	330	NOS	110	32364.54	SOUTH INDIAN	SOUTH INDIAN - SPECIALITIES
706	1212	POTATO BAJJI	23	NOS	50	1207.5	SOUTH INDIAN	BAJJI
707	116	POTATO CHIPS [SALT]	160	KGS	589.29	95040.69	SAVOURIES	SAVOURIES - CHIPS ITEMS [KGS]
708	22960	POTATO CHIPS CHILLY [60GMS]	253	NOS	35.71	9919.54	SAVOURIES	SAVOURIES - CHIPS ITEMS [NOS]
709	22961	POTATO CHIPS SALT [60GMS]	240	NOS	35.71	9399.54	SAVOURIES	SAVOURIES - CHIPS ITEMS [NOS]
710	107	POTATO SWEETS MIXTURE	2.23	KGS	491.07	1226.5	SAVOURIES	SAVOURIES - MIXTURE ITEMS [KGS]
711	24459	POTATO SWEETS MIXTURE( 150GM)	5	NOS	73.66	412.5	SAVOURIES	PACKED - SAVOURIES
712	22555	PREMIUM KAJU KATHILY	177.455	KGS	1238.1	230431.67	SWEETS	DRY FRUIT SWEETS [KGS]
713	22555	PREMIUM KAJU KATHILY	14.5	KGS	1523.81	18830.76	SWEETS	DRY FRUIT SWEETS [KGS]
714	40156	PREMIUM KAJU PISTHA ROLL	27.3	KGS	1523.81	43360	SWEETS	DRY FRUIT SWEETS [KGS]
715	40156	PREMIUM KAJU PISTHA ROLL	1.5	KGS	1857.14	2362.52	SWEETS	DRY FRUIT SWEETS [KGS]
716	8811	PUDHINA THOKKU (400GMS)	5	NOS	205.36	1150	SAVOURIES	RICE MIXES
717	8811	PUDHINA THOKKU (400GMS)	2	NOS	258.93	536.5	SAVOURIES	RICE MIXES
718	1121	PUDHINA RICE	26	NOS	85	2320.5	SOUTH INDIAN	VARIETY RICE
719	130	PULI KACHAL [400 GM]	32	NOS	205.36	7360	SAVOURIES	RICE MIXES
720	21013	PULIYOGARE MIX [200 GMS]	4	NOS	80.51	380	SAVOURIES	SAVOURIES-INSTANT MIX [PIECE]
721	21013	PULIYOGARE MIX [200 GMS]	9	NOS	84.82	855	SAVOURIES	SAVOURIES-INSTANT MIX [PIECE]
722	21013	PULIYOGARE MIX [200 GMS]	2	NOS	107.14	237.68	SAVOURIES	SAVOURIES-INSTANT MIX [PIECE]
723	1078	PULKA SET	40	NOS	60	2520	TANDOORI	TANDOORI BREAD
724	1078	PULKA SET	377	NOS	65	25730.25	TANDOORI	TANDOORI BREAD
725	8922	RAGI DOSA MIX [500GM]	4	NOS	118.64	560	SAVOURIES	SAVOURIES-INSTANT MIX [PIECE]
726	1160	RAJA PALAYAM KADAMBA KULLAMBU [400 GMS]	4	NOS	245.76	1160	SAVOURIES	RICE MIXES
727	1160	RAJA PALAYAM KADAMBA KULLAMBU [400 GMS]	1	NOS	309.32	365	SAVOURIES	RICE MIXES
728	24466	RAJA PALAYAM MIXTURE(100)	174	NOS	49.11	9570	SAVOURIES	PACKED - SAVOURIES
729	24325	RAJA PALAYAM MIXTURE(200GM)	234	NOS	98.21	25740	SAVOURIES	PACKED - SAVOURIES
730	24325	RAJA PALAYAM MIXTURE(200GM)	13	NOS	125	1508.55	SAVOURIES	PACKED - SAVOURIES
731	474	RAJAPALAYAM KARA KULAMBU [400 GMS]	20	NOS	194.92	4600.2	SAVOURIES	RICE MIXES
732	474	RAJAPALAYAM KARA KULAMBU [400 GMS]	2	NOS	245.76	462.92	SAVOURIES	RICE MIXES
733	22220	RAJAPALAYAM KARA SAV 200 GRAMS	61	NOS	89.29	6100	SAVOURIES	PACKED - SAVOURIES
734	22220	RAJAPALAYAM KARA SAV 200 GRAMS	12	NOS	111.61	1280.71	SAVOURIES	PACKED - SAVOURIES
735	41150	RAJAPALAYAM MINI MURUKKU 200GM	69	NOS	98.21	7590	SAVOURIES	PACKED - SAVOURIES
736	40661	RAJAPALAYAM PAKODA BOX	148	NOS	93.75	15540	SAVOURIES	PACKED - SAVOURIES
737	40661	RAJAPALAYAM PAKODA BOX	15	NOS	116.07	1601.92	SAVOURIES	PACKED - SAVOURIES
738	24522	RAJAPALAYAM PIDI KOZHUKKATTAI	33	NOS	50	1732.5	CHAT	CHAT SPECIALITIES
739	24522	RAJAPALAYAM PIDI KOZHUKKATTAI	18	NOS	55	1039.5	CHAT	CHAT SPECIALITIES
740	331	RAJAPALAYAM THATTAI	282	KGS	446.43	126900.41	SAVOURIES	SAVOURIES - THATTAI & SEEDAI [KGS]
741	20699	RAJAPALAYAM THATTAI 250 GMS	519	NOS	111.61	62375.58	SAVOURIES	SAVOURIES - CASHEW ITEMS [NOS]
742	20699	RAJAPALAYAM THATTAI 250 GMS	45	NOS	138.39	5981.95	SAVOURIES	SAVOURIES - CASHEW ITEMS [NOS]
743	67	RASA BERRY	4.06	KGS	666.67	2842	SWEETS	BENGALI SWEETS [KGS]
744	135	RASA MALAI [EACH ]	614	NOS	44.76	28857.3	SWEETS	BENGALI SWEETS [NOS]
745	237	RASA PODI [100GMS]	7	NOS	66.67	490	SAVOURIES	SAVOURIES-BLENDED SPICES [PIECE]
746	237	RASA PODI [100GMS]	2	NOS	85.71	158.39	SAVOURIES	SAVOURIES-BLENDED SPICES [PIECE]
747	7368	RASA PODI [200 GM]	5	NOS	128.57	675	SAVOURIES	SAVOURIES-BLENDED SPICES [PIECE]
748	134	RASAGULLA [ EACH ]	129	NOS	35	4740.75	SWEETS	BENGALI SWEETS [NOS]
749	8923	RAVA DOSA MIX(200 GM)	6	NOS	50.85	360	SAVOURIES	SAVOURIES-INSTANT MIX [PIECE]
750	8924	RAVA DOSA MIX[500GM]	10	NOS	122.88	1450	SAVOURIES	SAVOURIES-INSTANT MIX [PIECE]
751	8924	RAVA DOSA MIX[500GM]	2	NOS	152.54	275.22	SAVOURIES	SAVOURIES-INSTANT MIX [PIECE]
752	813	RAVA DOSAI	694	NOS	115	83800.5	SOUTH INDIAN	DOSA VARIETIES
753	813	RAVA DOSAI	86	NOS	120	8966.34	SOUTH INDIAN	DOSA VARIETIES
754	8925	RAVA IDLY MIX [200GM]	11	NOS	38.14	495.11	SAVOURIES	SAVOURIES-INSTANT MIX [PIECE]
755	878	RAVA KESARI	129	NOS	85	11513.25	SOUTH INDIAN	SOUTH INDIAN - SPECIALITIES
756	878	RAVA KESARI	37	NOS	100	3200.74	SOUTH INDIAN	SOUTH INDIAN - SPECIALITIES
757	859	RAVA KITCHADI	366	NOS	85	32665.5	SOUTH INDIAN	SOUTH INDIAN - SPECIALITIES
758	859	RAVA KITCHADI	131	NOS	95	11184.66	SOUTH INDIAN	SOUTH INDIAN - SPECIALITIES
759	39	RAVA LADDU	3.44	KGS	628.57	2270.4	SWEETS	GHEE SWEETS [KGS]
760	24261	RAVA LADDU [100 GMS]	8	NOS	52.38	440	SWEETS	GHEE SWEETS [NOS]
761	820	RAVA MASALA DOSAI	104	NOS	135	14742	SOUTH INDIAN	DOSA VARIETIES
762	830	RAVA ONION MASALA	5	NOS	145	761.25	SOUTH INDIAN	DOSA VARIETIES
763	22258	RIBBON PAKODA 200 GRMS	254	NOS	89.29	25395.01	SAVOURIES	PACKED - SAVOURIES
764	22258	RIBBON PAKODA 200 GRMS	33	NOS	111.61	3379.46	SAVOURIES	PACKED - SAVOURIES
765	101	RIBBON POKODA	255	KGS	446.43	114750.37	SAVOURIES	SAVOURIES - PAKODA ITEMS
766	1744	ROASTED PAPAD	1	NOS	35	36.75	NORTH INDIAN	ACCOMPANIMENTS
767	22073	ROSE MILK	258	NOS	57.14	15479.43	SWEETS	MILK SWEETS [NOS]
768	40962	ROSTED MILK BURFI	2.98	KGS	666.67	2086	SWEETS	MILK SWEETS [KGS]
769	1015	ROYAL FALOODA	16	NOS	180	3024	JUICE & MILK SHAKES	MILK SHAKES
770	1015	ROYAL FALOODA	155	NOS	185	30108.75	JUICE & MILK SHAKES	MILK SHAKES
771	396	SALT LASSI	1	NOS	55	57.75	JUICE & MILK SHAKES	FRESH JUICE
772	23490	SALTED AND JEERA BISCUITS 200 GMS	5	NOS	105.93	625	BAKERY	BISCUITS
773	804	SAMBAR IDLY	485	NOS	65	33101.25	SOUTH INDIAN	IDLY VARIETIES
774	804	SAMBAR IDLY	84	NOS	90	6789.01	SOUTH INDIAN	IDLY VARIETIES
775	7367	SAMBAR PODI [200GM]	19	NOS	104.76	2090	SAVOURIES	SAVOURIES-BLENDED SPICES [PIECE]
776	7367	SAMBAR PODI [200GM]	6	NOS	133.33	739.18	SAVOURIES	SAVOURIES-BLENDED SPICES [PIECE]
777	236	SAMBAR PODI[100GMS]	15	NOS	57.14	900	SAVOURIES	SAVOURIES-BLENDED SPICES [PIECE]
778	236	SAMBAR PODI[100GMS]	2	NOS	71.43	141	SAVOURIES	SAVOURIES-BLENDED SPICES [PIECE]
779	885	SAMBAR RICE	546	NOS	85	48730.5	SOUTH INDIAN	VARIETY RICE
780	885	SAMBAR RICE	291	NOS	100	26456.44	SOUTH INDIAN	VARIETY RICE
781	854	SAMBAR VADAI [1 PC]	611	NOS	60	38493	SOUTH INDIAN	VADAI VARIETIES
782	854	SAMBAR VADAI [1 PC]	92	NOS	80	6551.88	SOUTH INDIAN	VADAI VARIETIES
783	125	SAMOSA EACH	688	NOS	35	25284	CHAT	SAMOSA
784	125	SAMOSA EACH	56	NOS	40	2352	CHAT	SAMOSA
785	189	SATHUKUDI JUICE	154	NOS	100	16170	JUICE & MILK SHAKES	FRESH JUICE
786	189	SATHUKUDI JUICE	58	NOS	105	6394.5	JUICE & MILK SHAKES	FRESH JUICE
787	189	SATHUKUDI JUICE	297	NOS	110	34291.96	JUICE & MILK SHAKES	FRESH JUICE
788	924	SCHEZWAN FRIED RICE	15	NOS	225	3543.75	CHINESE	FRIED RICE
789	924	SCHEZWAN FRIED RICE	107	NOS	230	25840.5	CHINESE	FRIED RICE
790	924	SCHEZWAN FRIED RICE	34	NOS	260	7707.92	CHINESE	FRIED RICE
791	1052	SCHEZWAN NOODLES	6	NOS	225	1417.5	CHINESE	NOODLES
792	1052	SCHEZWAN NOODLES	64	NOS	230	15456	CHINESE	NOODLES
793	1052	SCHEZWAN NOODLES	11	NOS	275	2649.44	CHINESE	NOODLES
794	22924	SEEDAI (100 GMS)	264	NOS	44.64	13200	SAVOURIES	SAVOURIES - THATTAI & SEEDAI [NOS]
795	21674	SEEDAI [200 GMS]	318	NOS	89.29	31800	SAVOURIES	SAVOURIES - THATTAI & SEEDAI [NOS]
796	21674	SEEDAI [200 GMS]	30	NOS	111.61	3054.79	SAVOURIES	SAVOURIES - THATTAI & SEEDAI [NOS]
797	41137	SEEP SEEDAI (200 GRM)	41	NOS	98.21	4510	SAVOURIES	PACKED - SAVOURIES
798	144	SEV PURI	44	NOS	100	4620	CHAT	CHAT SPECIALITIES
799	144	SEV PURI	33	NOS	105	3638.25	CHAT	CHAT SPECIALITIES
800	144	SEV PURI	2	NOS	120	218.53	CHAT	CHAT SPECIALITIES
801	939	SHAI PANEER	14	NOS	260	3822	NORTH INDIAN	SUBJEES
802	243	SHON HALWA	7.47	KGS	666.67	5229	SWEETS	GHEE SWEETS [KGS]
803	927	SINGAPORE  FRIED RICE	5	NOS	260	1017.8	CHINESE	FRIED RICE
804	22216	SIRAI PAKODA 200 GRAMS	47	NOS	89.29	4700	SAVOURIES	PACKED - SAVOURIES
805	22216	SIRAI PAKODA 200 GRAMS	4	NOS	111.61	423.9	SAVOURIES	PACKED - SAVOURIES
806	904	SOUTH INDIAN THALIMEALS	4539	NOS	160	762552	SOUTH INDIAN	SOUTH INDIAN - MEAL VARIETIES
807	904	SOUTH INDIAN THALIMEALS	1060	NOS	165	182345.63	SOUTH INDIAN	SOUTH INDIAN - MEAL VARIETIES
808	904	SOUTH INDIAN THALIMEALS	821	NOS	200	145404.56	SOUTH INDIAN	SOUTH INDIAN - MEAL VARIETIES
809	8467	SPL BADAM MILK	281	NOS	90.48	26695.68	SWEETS	MILK SWEETS [NOS]
810	21627	SPL BAKLAWA ASSORTED SWEETS	12.025	KGS	1333.33	16835	SWEETS	ASSORTED
811	71	SPL BENGALI	9.245	KGS	666.67	6471.5	SWEETS	BENGALI SWEETS [KGS]
812	40323	SPL COMBO BOX	5	NOS	294.64	1650	SAVOURIES	PACKED - SAVOURIES
813	1059	SPL DRY FRUIT HALWA	14.665	KGS	1047.62	16131.5	SWEETS	DRY FRUIT SWEETS [KGS]
814	7533	SPL DRY FRUIT SWEET	0.32	KGS	1523.81	512	SWEETS	DRY FRUIT SWEETS [KGS]
815	20186	SPL GIFT BOX [ 1200 ]	1	NOS	1142.86	1200	SWEETS	DRY FRUIT SWEETS [NOS]
816	356	SPL GIFT BOX [BIG]	1	NOS	666.67	700	SWEETS	GIFT PACK ASSORTED SWEETS
817	358	SPL GIFT BOX [SMALL]	3	NOS	380.95	1200	SWEETS	GIFT PACK ASSORTED SWEETS
818	313	SPL LADDU	43.29	KGS	685.71	31168.74	SWEETS	GHEE SWEETS [KGS]
819	313	SPL LADDU	3.5	KGS	838.1	2332.99	SWEETS	GHEE SWEETS [KGS]
820	1443	SPL MASALA CASHEWNUT [250GMS]	15	NOS	446.43	7500	SAVOURIES	SAVOURIES - CASHEW ITEMS [NOS]
821	442	SPL MINI HAND MURUKU	1.57	KGS	464.29	816.4	SAVOURIES	SAVOURIES - MURUKKU ITEMS [KGS]
822	51	SPL MYSORE PAK	194.285	KGS	666.67	135623.28	SWEETS	GHEE SWEETS [KGS]
823	51	SPL MYSORE PAK	17	KGS	819.05	11896.06	SWEETS	GHEE SWEETS [KGS]
824	1240	STEAM RICE	13	NOS	65	887.25	NORTH INDIAN	BASUMATI SPECIAL
825	83	STRAWBERRY	43.247	KGS	666.67	30272.9	SWEETS	BENGALI SWEETS [KGS]
826	40421	STRAWBERRY KAJU BURFI	18.385	KGS	1333.33	25739	SWEETS	DRY FRUIT SWEETS [KGS]
827	694	STRAWBERRY ICE CREAMS (PER SCOOP)	6	NOS	100	630	SPECIAL ICE CREAMS	SPECIAL ICE CREAMS
828	694	STRAWBERRY ICE CREAMS (PER SCOOP)	40	NOS	105	4410	SPECIAL ICE CREAMS	SPECIAL ICE CREAMS
829	1861	STRAWBERRY MILK SHAKE ( W O I )	6	NOS	140	882	JUICE & MILK SHAKES	MILK SHAKES
830	1861	STRAWBERRY MILK SHAKE ( W O I )	43	NOS	145	6546.75	JUICE & MILK SHAKES	MILK SHAKES
831	1036	STUFFED KULCHA	48	NOS	105	5292	TANDOORI	TANDOORI BREAD
832	1036	STUFFED KULCHA	31	NOS	130	3256.82	TANDOORI	TANDOORI BREAD
833	981	STUFFED PARATHA	50	NOS	115	6037.5	TANDOORI	TANDOORI VARIETIES
834	981	STUFFED PARATHA	14	NOS	135	1611.51	TANDOORI	TANDOORI VARIETIES
835	37	SURAT KARI	0.045	KGS	666.67	31.5	SWEETS	GHEE SWEETS [KGS]
836	858	SWEET  PONGAL	2	NOS	80	168	SOUTH INDIAN	SOUTH INDIAN - SPECIALITIES
837	419	SWEET APPAM	42	NOS	40	1764	SOUTH INDIAN	UTHAPPAM VARIETIES
838	419	SWEET APPAM	63	NOS	45	2976.75	SOUTH INDIAN	UTHAPPAM VARIETIES
839	8225	SWEET BREAD	59	NOS	45	2655	BAKERY	BREAD
840	1066	SWEET CORN MUSHROOM SOUP	6	NOS	90	567	CHINESE	SOUPS
841	860	SWEET KESARI	17	NOS	85	1517.25	SOUTH INDIAN	SOUTH INDIAN - SPECIALITIES
842	368	SWEET KOZHUKATTAI (2 Pcs)	111	NOS	45	5244.75	CHAT	CHAT SPECIALITIES
843	368	SWEET KOZHUKATTAI (2 Pcs)	200	NOS	50	10500	CHAT	CHAT SPECIALITIES
844	365	SWEET LASSI	32	NOS	90	3024	JUICE & MILK SHAKES	FRESH JUICE
845	365	SWEET LASSI	149	NOS	95	14862.75	JUICE & MILK SHAKES	FRESH JUICE
846	38	SWEET SOMAS	5.91	KGS	628.57	3900.6	SWEETS	GHEE SWEETS [KGS]
847	1114	SWEET SOUR VEG SOUP	3	NOS	115	362.25	CHINESE	SOUPS
848	24324	SWEET THUNDER.	5	NOS	375	2100	SAVOURIES	PACKED - SAVOURIES
849	1068	SWEETCORN VEG SOUP	69	NOS	115	8331.75	CHINESE	SOUPS
850	40178	SWEETEST BLISS	1	NOS	678.57	760	SAVOURIES	PACKED - SAVOURIES
851	24323	SWEETEST DESIRE.	6	NOS	330.36	2220	SAVOURIES	PACKED - SAVOURIES
852	24474	TAKE AWAY COFFEE 2 CUPS	107	NOS	118	11535.13	SOUTH INDIAN	HOT DRINKS
853	23555	TAKE AWAY COFFEE 4 CUPS	38	NOS	211	7140.23	SOUTH INDIAN	HOT DRINKS
854	23556	TAKE AWAY COFFEE 6 CUPS	4	NOS	285	866.4	SOUTH INDIAN	HOT DRINKS
855	24475	TAKE AWAY TEA 2 CUPS	47	NOS	118	5053.85	SOUTH INDIAN	HOT DRINKS
856	23558	TAKE AWAY TEA 4 CUPS	7	NOS	211	1343.99	SOUTH INDIAN	HOT DRINKS
857	883	TAMARIND RICE	24	NOS	85	2142	SOUTH INDIAN	VARIETY RICE
858	982	TANDOORI PARATHA	40	NOS	85	3570	SOUTH INDIAN	PARATHA VARIETIES
859	982	TANDOORI PARATHA	13	NOS	100	1088.33	SOUTH INDIAN	PARATHA VARIETIES
860	916	TANTOORI ROTI	19	NOS	60	1197	TANDOORI	TANDOORI BREAD
861	916	TANTOORI ROTI	233	NOS	65	15902.25	TANDOORI	TANDOORI BREAD
862	916	TANTOORI ROTI	58	NOS	80	3808.53	TANDOORI	TANDOORI BREAD
863	24247	TASTY DELIGHT(500)	21	NOS	526.79	12390	SAVOURIES	PACKED - SAVOURIES
864	909	TEA	1422	NOS	35	52258.5	SOUTH INDIAN	HOT DRINKS
865	909	TEA	48	NOS	38.09	1919.64	SOUTH INDIAN	HOT DRINKS
866	909	TEA	1470	NOS	40	61700.1	SOUTH INDIAN	HOT DRINKS
867	2103	THATTAI [250 GM]	345	NOS	111.61	43125	SAVOURIES	SAVOURIES - THATTAI & SEEDAI [NOS]
868	2103	THATTAI [250 GM]	51	NOS	138.39	6429.29	SAVOURIES	SAVOURIES - THATTAI & SEEDAI [NOS]
869	886	TOMATO RICE	29	NOS	85	2588.25	SOUTH INDIAN	VARIETY RICE
870	1063	TOMATO SOUP	228	NOS	105	25125.98	CHINESE	SOUPS
871	469	TOMATO THOKKU [400 GM]	29	NOS	205.36	6670	SAVOURIES	RICE MIXES
872	469	TOMATO THOKKU [400 GM]	2	NOS	258.93	497.73	SAVOURIES	RICE MIXES
873	8926	UPMA MIX(200 GM)	4	NOS	50.85	240	SAVOURIES	SAVOURIES-INSTANT MIX [PIECE]
874	8927	UPMA MIX(500 GM)	3	NOS	97.46	345	SAVOURIES	SAVOURIES-INSTANT MIX [PIECE]
875	8927	UPMA MIX(500 GM)	2	NOS	122.88	218.4	SAVOURIES	SAVOURIES-INSTANT MIX [PIECE]
876	867	UTHAPPAM	129	NOS	105	14205.71	SOUTH INDIAN	UTHAPPAM VARIETIES
877	867	UTHAPPAM	14	NOS	120	1527.32	SOUTH INDIAN	UTHAPPAM VARIETIES
878	901	VADA CURRY	42	NOS	60	2646	SOUTH INDIAN	VADAI VARIETIES
879	689	VANILLA ICE CREAM(PER SCOOP)	10	NOS	100	1050	SPECIAL ICE CREAMS	SPECIAL ICE CREAMS
880	689	VANILLA ICE CREAM(PER SCOOP)	83	NOS	105	9150.75	SPECIAL ICE CREAMS	SPECIAL ICE CREAMS
881	205	VANNILA MILK SHAKE	11	NOS	130	1501.5	JUICE & MILK SHAKES	MILK SHAKES
882	205	VANNILA MILK SHAKE	49	NOS	135	6945.75	JUICE & MILK SHAKES	MILK SHAKES
883	1860	VANNILA MILK SHAKE (WOI)	2	NOS	130	273	JUICE & MILK SHAKES	MILK SHAKES
884	1860	VANNILA MILK SHAKE (WOI)	5	NOS	135	708.75	JUICE & MILK SHAKES	MILK SHAKES
885	610	VANNILA(50ML)	100	NOS	10	1050	ICE CREAMS	ICE CREAMS - CUPS & CONES
886	570	VATAKOZHAMBU THOKKU [400GMS]	31	NOS	194.92	7130.31	SAVOURIES	RICE MIXES
887	570	VATAKOZHAMBU THOKKU [400GMS]	4	NOS	245.76	968.39	SAVOURIES	RICE MIXES
888	1440	VAZHAIKAI BAJJI	136	NOS	50	7140	SOUTH INDIAN	BAJJI
889	1062	VEG CLEAR SOUP	6	NOS	105	661.5	CHINESE	SOUPS
890	2800	VEG DUM BIRYANI	154	NOS	210	33957	SOUTH INDIAN	SOUTH INDIAN - SPECIALITIES
891	2800	VEG DUM BIRYANI	74	NOS	230	14792.95	SOUTH INDIAN	SOUTH INDIAN - SPECIALITIES
892	922	VEG FRIED RICE	55	NOS	205	11838.75	CHINESE	FRIED RICE
893	922	VEG FRIED RICE	236	NOS	210	52038	CHINESE	FRIED RICE
894	922	VEG FRIED RICE	75	NOS	250	16004.49	CHINESE	FRIED RICE
895	1272	VEG MANCHOW SOUP	30	NOS	105	3307.5	CHINESE	SOUPS
896	8782	VEG MANCHURIAN DRY	1	NOS	225	236.25	CHINESE	CHINESE - DRY & GRAVY
897	8782	VEG MANCHURIAN DRY	8	NOS	230	1932	CHINESE	CHINESE - DRY & GRAVY
898	932	VEG MANCHURIAN GRAVY	1	NOS	235	246.75	CHINESE	CHINESE - DRY & GRAVY
899	1279	VEG NOODLES	20	NOS	205	4305	CHINESE	NOODLES
900	1279	VEG NOODLES	134	NOS	210	29547	CHINESE	NOODLES
901	1279	VEG NOODLES	16	NOS	250	3457.3	CHINESE	NOODLES
902	8218	VEG PUFFS - [BKERY]	149	NOS	21.19	3725.34	BAKERY	PUFFS
903	8085	VEG PULAO	15	NOS	205	3228.75	NORTH INDIAN	BASUMATI SPECIAL
904	8085	VEG PULAO	59	NOS	210	13009.5	NORTH INDIAN	BASUMATI SPECIAL
905	8085	VEG PULAO	14	NOS	230	3040.63	NORTH INDIAN	BASUMATI SPECIAL
906	21047	VEG PULAO (SOUTH)	2	NOS	85	178.5	SOUTH INDIAN	VARIETY RICE
907	9080	VEG RICE	17	NOS	85	1517.25	SOUTH INDIAN	VARIETY RICE
908	129	VEG ROLL SAMOSA [EACH]	13	NOS	25	341.25	CHAT	SAMOSA
909	129	VEG ROLL SAMOSA [EACH]	44	NOS	30	1386	CHAT	SAMOSA
910	129	VEG ROLL SAMOSA [EACH]	2	NOS	35	73.5	CHAT	SAMOSA
911	146	VEG SANDWICH	15	NOS	90	1417.5	PIZZA & SANDWICH	SANDWICH
912	146	VEG SANDWICH	71	NOS	95	7022.59	PIZZA & SANDWICH	SANDWICH
913	1000	VEG SPRING ROLL	5	NOS	205	1076.25	CHINESE	CHINESE STARTERS
914	1000	VEG SPRING ROLL	44	NOS	210	9702	CHINESE	CHINESE STARTERS
915	24578	VELLAI SEEDAI(100GM)	11	NOS	53.57	660	SAVOURIES	PACKED - SAVOURIES
916	198	WATER MELON JUICE	125	NOS	90	11812.5	JUICE & MILK SHAKES	FRESH JUICE
917	198	WATER MELON JUICE	412	NOS	95	41092.01	JUICE & MILK SHAKES	FRESH JUICE
918	21470	WHEAT AND KAJU (100GMS)	7	NOS	63.56	525	BAKERY	COOKIES
919	23491	WHEAT AND KAJU BISCUITS 200GMS	6	NOS	122.88	870	BAKERY	BISCUITS
920	26	WHITE SOAN PAPDI	57.085	KGS	666.67	38909.55	SWEETS	GHEE SWEETS [KGS]
921	26	WHITE SOAN PAPDI	1.75	KGS	819.05	1266.6	SWEETS	GHEE SWEETS [KGS]
		Total	117975		Total	14753740		
